Amenity,Frecuencia
Kitchen,7089
Wifi,6974
Essentials,6870
Washer,6556
TV,6490
Hangers,6020
Heating,5695
Iron,5630
Hair dryer,5544
Air conditioning,4615
Shampoo,4179
Hot water,4162
Family/kid friendly,3887
Laptop friendly workspace,3747
Refrigerator,3307
Dishes and silverware,3252
Elevator,3166
Microwave,3134
Coffee maker,2986
Cooking basics,2809
Bed linens,2760
Host greets you,2689
Oven,2580
Stove,2341
First aid kit,2325
Long term stays allowed,2233
Internet,2185
Patio or balcony,1952
Smoking allowed,1879
Free parking on premises,1860
Dishwasher,1851
Fire extinguisher,1848
Pool,1759
Extra pillows and blankets,1693
Crib,1655
Dryer,1626
Free street parking,1562
Buzzer/wireless intercom,1432
Cable TV,1426
Smoke alarm,1409
Luggage dropoff allowed,1399
Private entrance,1386
High chair,1341
Paid parking off premises,1153
Pets allowed,1142
Garden or backyard,986
24-hour check-in,952
Indoor fireplace,943
Paid parking on premises,875
Carbon monoxide alarm,869
Lock on bedroom door,861
Bathtub,860
Step-free access,859
BBQ grill,761
Safety card,742
Room-darkening shades,740
Pack 'n Play/travel crib,662
Private living room,632
Breakfast,607
No stairs or steps to enter,590
Self check-in,536
Well-lit path to entrance,479
Pocket wifi,435
Wide doorway,421
Ethernet connection,415
Children's books and toys,407
Wheelchair accessible,386
Waterfront,380
Doorman,362
Lockbox,360
Beachfront,357
Single level home,311
Dedicated workspace,292
Accessible-height bed,281
Suitable for events,274
Babysitter recommendations,261
Elevator in building,256
Pets live on this property,250
Wide entryway,245
Handheld shower head,222
Wide hallway clearance,221
Accessible-height Toilet,214
Baby bath,212
Beach essentials,208
Other,199
Children's dinnerware,192
Cleaning before checkout,191
Hot tub,176
Building staff,173
Wide entrance for guests,168
Wide clearance to bed,155
Window guards,153
Shower gel,149
Wide hallways,146
Flat path to front door,143
Pack u2019n Play/travel crib,142
Gym,121
Toilet,119
Wide clearance to shower,116
Extra space around bed,113
Flat path to guest entrance,111
Cat(s),107
Outlet covers,102
Wide entrance,100
Dog(s),98
Disabled parking spot,91
Full kitchen,88
Changing table,83
Childrenu2019s books and toys,83
Keypad,69
Wide doorway to guest bathroom,66
Stair gates,65
Smart lock,65
Body soap,64
Bedroom comforts,62
Bathroom essentials,62
Roll-in shower,55
Game console,54
Bath towel,50
Toilet paper,50
Trash can,47
Fireplace guards,45
Childrenu2019s dinnerware,43
Fixed grab bars for shower,31
Barbecue utensils,28
Hot water kettle,27
Baby monitor,26
Other pet(s),24
Ski-in/Ski-out,24
Table corner guards,23
EV charger,22
Espresso machine,21
Step-free shower,20
Freezer,17
Baking sheet,15
Smart TV,14
Balcony,13
Shower chair,13
Ceiling fan,13
Laundromat nearby,12
Baby safety gates,11
Extra space around shower and Toilet,10
Breakfast table,10
Terrace,9
Rain shower,9
Lake access,9
En suite bathroom,9
Portable fans,9
Pour-over coffee,9
Bathtub with bath chair,9
Kitchenette,9
Mini fridge,8
Nespresso machine,8
Netflix,8
Front desk/doorperson,7
Memory foam mattress,7
Fixed grab bars for Toilet,7
Walk-in shower,7
Central air conditioning,6
Pillow-top mattress,6
Outdoor seating,6
Smooth pathway to front door,5
Flat,5
Conditioner,5
,5
Heated towel rack,5
Formal dining area,5
Convection oven,5
Bidet,5
Firm mattress,5
Toaster,4
Electric profiling bed,4
Day bed,4
Sound system,4
Wide clearance to shower & Toilet,3
Outdoor furniture,3
Electric stove,3
Standing valet,3
Paid parking garage off premises,3
Pool with pool hoist,3
DVD player,3
Wine glasses,3
Ground floor access,2
Sun loungers,2
Fixed grab bars for shower & Toilet,2
Gas oven,2
Heated floors,2
Stainless steel oven,2
Pool toys,2
Bread maker,2
Dining table,2
Outdoor dining area,2
Beach view,2
Mudroom,2
Mountain view,2
Free parking on street,1
Exercise equipment,1
Double oven,1
Printer,1
Murphy bed,1
Warming drawer,1
Ironing Board,1
Chef's kitchen,1
Hammock,1
Shared pool,1
Soaking tub,1
Office,1
HBO GO,1
Dining area,1
Security system,1
Parking,1
Amazon Echo,1
Touchless faucets,1
Steam oven,1
Rice Maker,1
40 HDTV,1
Rituals shampoo,1
Rituals body soap,1
Stainless steel electric stove,1
Clothing storage: closet,1
Shared garden or backyard,1
Shared outdoor pool,1
43 HDTV with Netflix,1
Free driveway parking on premises - 1 space,1
Portable heater,1
IKEA NEARBY Bluetooth sound system,1
Central heating,1
Paid parking garage on premises,1
Stainless steel stove,1
Clothing storage,1
Mosquito net,1
Bluetooth sound system,1
Drying rack for clothing,1
Outdoor shower,1
Cleaning products,1
