anio,tabla,pregunta,ambito,TOTAL,NADA,POCO,BASTANTE,Unnamed: 5,MUCHO
2020,EAL-16,"EMPRESAS, SEGÚN TAMAÑO DE LA EMPRESA, POR COMPETENCIAS CONSIDERADAS IMPORTANTES PARA EL DESARROLLO DE LA EMPRESA EN LOS PRÓXIMOS AÑOS (1)",De dirección,39.91,36.411,43.242,46.37,43.679,51.599
2020,EAL-16,"EMPRESAS, SEGÚN TAMAÑO DE LA EMPRESA, POR COMPETENCIAS CONSIDERADAS IMPORTANTES PARA EL DESARROLLO DE LA EMPRESA EN LOS PRÓXIMOS AÑOS (1)",De trabajo en equipo,58.868,61.092,57.303,52.457,47.959,45.956
2020,EAL-16,"EMPRESAS, SEGÚN TAMAÑO DE LA EMPRESA, POR COMPETENCIAS CONSIDERADAS IMPORTANTES PARA EL DESARROLLO DE LA EMPRESA EN LOS PRÓXIMOS AÑOS (1)",De atención al público/ trato a clientes,49.737,55.038,45.58,34.963,33.399,34.232
2020,EAL-16,"EMPRESAS, SEGÚN TAMAÑO DE LA EMPRESA, POR COMPETENCIAS CONSIDERADAS IMPORTANTES PARA EL DESARROLLO DE LA EMPRESA EN LOS PRÓXIMOS AÑOS (1)",Administrativas de oficina,17.702,17.661,18.34,14.941,14.166,8.715
2020,EAL-16,"EMPRESAS, SEGÚN TAMAÑO DE LA EMPRESA, POR COMPETENCIAS CONSIDERADAS IMPORTANTES PARA EL DESARROLLO DE LA EMPRESA EN LOS PRÓXIMOS AÑOS (1)",Técnicas específicas del puesto de trabajo,23.85,21.635,24.593,35.016,38.859,39.31
2020,EAL-16,"EMPRESAS, SEGÚN TAMAÑO DE LA EMPRESA, POR COMPETENCIAS CONSIDERADAS IMPORTANTES PARA EL DESARROLLO DE LA EMPRESA EN LOS PRÓXIMOS AÑOS (1)","De resolución de problemas (localización de problemas o fallos, análisis de sus causas y búsqueda de soluciones)",34.018,32.252,35.999,36.183,34.727,30.909
2020,EAL-16,"EMPRESAS, SEGÚN TAMAÑO DE LA EMPRESA, POR COMPETENCIAS CONSIDERADAS IMPORTANTES PARA EL DESARROLLO DE LA EMPRESA EN LOS PRÓXIMOS AÑOS (1)",En lenguas extranjeras,9.962,9.095,9.825,16.45,20.364,18.871
2020,EAL-16,"EMPRESAS, SEGÚN TAMAÑO DE LA EMPRESA, POR COMPETENCIAS CONSIDERADAS IMPORTANTES PARA EL DESARROLLO DE LA EMPRESA EN LOS PRÓXIMOS AÑOS (1)",Generales de tecnologías de la información ,12.539,9.908,14.28,20.816,25.48,28.15
2020,EAL-16,"EMPRESAS, SEGÚN TAMAÑO DE LA EMPRESA, POR COMPETENCIAS CONSIDERADAS IMPORTANTES PARA EL DESARROLLO DE LA EMPRESA EN LOS PRÓXIMOS AÑOS (1)",Profesionales de tecnologías de la información ,5.794,4.464,6.564,10.309,13.379,17.179
2020,EAL-16,"EMPRESAS, SEGÚN TAMAÑO DE LA EMPRESA, POR COMPETENCIAS CONSIDERADAS IMPORTANTES PARA EL DESARROLLO DE LA EMPRESA EN LOS PRÓXIMOS AÑOS (1)",De cálculo o lingüísticas,0.749,0.744,0.779,0.661,0.443,0.313
2020,EAL-16,"EMPRESAS, SEGÚN TAMAÑO DE LA EMPRESA, POR COMPETENCIAS CONSIDERADAS IMPORTANTES PARA EL DESARROLLO DE LA EMPRESA EN LOS PRÓXIMOS AÑOS (1)",De comunicación oral o escrita,2.314,2.082,2.354,3.742,3.443,4.451
2020,EAL-16,"EMPRESAS, SEGÚN TAMAÑO DE LA EMPRESA, POR COMPETENCIAS CONSIDERADAS IMPORTANTES PARA EL DESARROLLO DE LA EMPRESA EN LOS PRÓXIMOS AÑOS (1)",Otras ,5.378,5.732,4.967,4.909,6.099,6.332
2020,EAL-16,"EMPRESAS, SEGÚN TAMAÑO DE LA EMPRESA, POR COMPETENCIAS CONSIDERADAS IMPORTANTES PARA EL DESARROLLO DE LA EMPRESA EN LOS PRÓXIMOS AÑOS (1)",No sabe,1.276,1.2,1.165,2.186,3.738,3.824
2020,EAL-16,"EMPRESAS, SEGÚN TAMAÑO DE LA EMPRESA, POR COMPETENCIAS CONSIDERADAS IMPORTANTES PARA EL DESARROLLO DE LA EMPRESA EN LOS PRÓXIMOS AÑOS (1)",(1) Una empresa puede haber señalado de una a tres competencias.,,,,,,
2021,EAL-16,"EMPRESAS, SEGÚN GRADO DE IMPORTANCIA  PARA EL DESARROLLO DE LA EMPRESA EN LOS PRÓXIMOS AÑOS DE DIVERSAS COMPETENCIAS ",De dirección,100,11.22,22.91,40.466,,25.404
2021,EAL-16,"EMPRESAS, SEGÚN GRADO DE IMPORTANCIA  PARA EL DESARROLLO DE LA EMPRESA EN LOS PRÓXIMOS AÑOS DE DIVERSAS COMPETENCIAS ",De trabajo en equipo,100,3.24,10.339,48.565,,37.856
2021,EAL-16,"EMPRESAS, SEGÚN GRADO DE IMPORTANCIA  PARA EL DESARROLLO DE LA EMPRESA EN LOS PRÓXIMOS AÑOS DE DIVERSAS COMPETENCIAS ",De atención al público/ trato a clientes,100,5.755,18.505,39.209,,36.532
2021,EAL-16,"EMPRESAS, SEGÚN GRADO DE IMPORTANCIA  PARA EL DESARROLLO DE LA EMPRESA EN LOS PRÓXIMOS AÑOS DE DIVERSAS COMPETENCIAS ",Administrativas de oficina,100,10.175,26.234,41.314,,22.277
2021,EAL-16,"EMPRESAS, SEGÚN GRADO DE IMPORTANCIA  PARA EL DESARROLLO DE LA EMPRESA EN LOS PRÓXIMOS AÑOS DE DIVERSAS COMPETENCIAS ",Técnicas específicas del puesto de trabajo,100,15.604,27.366,36.756,,20.275
2021,EAL-16,"EMPRESAS, SEGÚN GRADO DE IMPORTANCIA  PARA EL DESARROLLO DE LA EMPRESA EN LOS PRÓXIMOS AÑOS DE DIVERSAS COMPETENCIAS ","De resolución de problemas (localización de problemas o fallos, análisis de sus causas y búsqueda de soluciones)",100,5.978,17.568,46.763,,29.69
2021,EAL-16,"EMPRESAS, SEGÚN GRADO DE IMPORTANCIA  PARA EL DESARROLLO DE LA EMPRESA EN LOS PRÓXIMOS AÑOS DE DIVERSAS COMPETENCIAS ",En lenguas extranjeras,100,20.125,40.933,27.781,,11.161
2021,EAL-16,"EMPRESAS, SEGÚN GRADO DE IMPORTANCIA  PARA EL DESARROLLO DE LA EMPRESA EN LOS PRÓXIMOS AÑOS DE DIVERSAS COMPETENCIAS ",Básicas de cálculo y/o comunicación oral o escrita,100,18.27,39.684,31.555,,10.491
2021,EAL-16,"EMPRESAS, SEGÚN GRADO DE IMPORTANCIA  PARA EL DESARROLLO DE LA EMPRESA EN LOS PRÓXIMOS AÑOS DE DIVERSAS COMPETENCIAS ",Generales de tecnologías de la información ,100,10.798,30.978,41.785,,16.438
2021,EAL-16,"EMPRESAS, SEGÚN GRADO DE IMPORTANCIA  PARA EL DESARROLLO DE LA EMPRESA EN LOS PRÓXIMOS AÑOS DE DIVERSAS COMPETENCIAS ",Profesionales de tecnologías de la información ,100,22.563,42.041,25.273,,10.122
2021,EAL-16c,"EMPRESAS DE MÁS DE 499 TRABAJADORES, SEGÚN GRADO DE IMPORTANCIA  PARA EL DESARROLLO DE LA EMPRESA EN LOS PRÓXIMOS AÑOS DE DIVERSAS COMPETENCIAS ",De dirección,100,1.825,10.69,45.964,,41.521
2021,EAL-16c,"EMPRESAS DE MÁS DE 499 TRABAJADORES, SEGÚN GRADO DE IMPORTANCIA  PARA EL DESARROLLO DE LA EMPRESA EN LOS PRÓXIMOS AÑOS DE DIVERSAS COMPETENCIAS ",De trabajo en equipo,100,1.564,6.078,43.431,,48.927
2021,EAL-16c,"EMPRESAS DE MÁS DE 499 TRABAJADORES, SEGÚN GRADO DE IMPORTANCIA  PARA EL DESARROLLO DE LA EMPRESA EN LOS PRÓXIMOS AÑOS DE DIVERSAS COMPETENCIAS ",De atención al público/ trato a clientes,100,3.043,16.97,39.809,,40.179
2021,EAL-16c,"EMPRESAS DE MÁS DE 499 TRABAJADORES, SEGÚN GRADO DE IMPORTANCIA  PARA EL DESARROLLO DE LA EMPRESA EN LOS PRÓXIMOS AÑOS DE DIVERSAS COMPETENCIAS ",Administrativas en oficina,100,2.134,25.666,51.158,,21.042
2021,EAL-16c,"EMPRESAS DE MÁS DE 499 TRABAJADORES, SEGÚN GRADO DE IMPORTANCIA  PARA EL DESARROLLO DE LA EMPRESA EN LOS PRÓXIMOS AÑOS DE DIVERSAS COMPETENCIAS ",Técnicas específicas del puesto de trabajo,100,7.091,21.517,41.542,,29.85
2021,EAL-16c,"EMPRESAS DE MÁS DE 499 TRABAJADORES, SEGÚN GRADO DE IMPORTANCIA  PARA EL DESARROLLO DE LA EMPRESA EN LOS PRÓXIMOS AÑOS DE DIVERSAS COMPETENCIAS ","De resolución de problemas (localización de problemas o fallos, análisis de sus causas y búsqueda de soluciones)",100,2.029,13.968,50.666,,33.337
2021,EAL-16c,"EMPRESAS DE MÁS DE 499 TRABAJADORES, SEGÚN GRADO DE IMPORTANCIA  PARA EL DESARROLLO DE LA EMPRESA EN LOS PRÓXIMOS AÑOS DE DIVERSAS COMPETENCIAS ",En lenguas extranjeras,100,8.269,32.585,37.45,,21.696
2021,EAL-16c,"EMPRESAS DE MÁS DE 499 TRABAJADORES, SEGÚN GRADO DE IMPORTANCIA  PARA EL DESARROLLO DE LA EMPRESA EN LOS PRÓXIMOS AÑOS DE DIVERSAS COMPETENCIAS ",Básicas de cálculo y/o comunicación oral o escrita,100,5.369,30.837,48.727,,15.067
2021,EAL-16c,"EMPRESAS DE MÁS DE 499 TRABAJADORES, SEGÚN GRADO DE IMPORTANCIA  PARA EL DESARROLLO DE LA EMPRESA EN LOS PRÓXIMOS AÑOS DE DIVERSAS COMPETENCIAS ",Generales de tecnologías de la información ,100,3.027,17.266,48.574,,31.133
2021,EAL-16c,"EMPRESAS DE MÁS DE 499 TRABAJADORES, SEGÚN GRADO DE IMPORTANCIA  PARA EL DESARROLLO DE LA EMPRESA EN LOS PRÓXIMOS AÑOS DE DIVERSAS COMPETENCIAS ",Profesionales de tecnologías de la información ,100,7.027,27.353,40.54,,25.079
2021,EAL-16f,"EMPRESAS DEL SECTOR SERVICIOS, SEGÚN GRADO DE IMPORTANCIA  PARA EL DESARROLLO DE LA EMPRESA EN LOS PRÓXIMOS AÑOS DE DIVERSAS COMPETENCIAS ",De dirección,100,11.649,23.523,40.161,,24.667
2021,EAL-16f,"EMPRESAS DEL SECTOR SERVICIOS, SEGÚN GRADO DE IMPORTANCIA  PARA EL DESARROLLO DE LA EMPRESA EN LOS PRÓXIMOS AÑOS DE DIVERSAS COMPETENCIAS ",De trabajo en equipo,100,3.143,10.337,47.167,,39.354
2021,EAL-16f,"EMPRESAS DEL SECTOR SERVICIOS, SEGÚN GRADO DE IMPORTANCIA  PARA EL DESARROLLO DE LA EMPRESA EN LOS PRÓXIMOS AÑOS DE DIVERSAS COMPETENCIAS ",De atención al público/ trato a clientes,100,4.383,14.912,38.505,,42.2
2021,EAL-16f,"EMPRESAS DEL SECTOR SERVICIOS, SEGÚN GRADO DE IMPORTANCIA  PARA EL DESARROLLO DE LA EMPRESA EN LOS PRÓXIMOS AÑOS DE DIVERSAS COMPETENCIAS ",Administrativas en oficina,100,10.899,27.254,39.517,,22.329
2021,EAL-16f,"EMPRESAS DEL SECTOR SERVICIOS, SEGÚN GRADO DE IMPORTANCIA  PARA EL DESARROLLO DE LA EMPRESA EN LOS PRÓXIMOS AÑOS DE DIVERSAS COMPETENCIAS ",Técnicas específicas del puesto de trabajo,100,19.004,30.992,33.899,,16.106
2021,EAL-16f,"EMPRESAS DEL SECTOR SERVICIOS, SEGÚN GRADO DE IMPORTANCIA  PARA EL DESARROLLO DE LA EMPRESA EN LOS PRÓXIMOS AÑOS DE DIVERSAS COMPETENCIAS ","De resolución de problemas (localización de problemas o fallos, análisis de sus causas y búsqueda de soluciones)",100,5.781,18.093,46.718,,29.408
2021,EAL-16f,"EMPRESAS DEL SECTOR SERVICIOS, SEGÚN GRADO DE IMPORTANCIA  PARA EL DESARROLLO DE LA EMPRESA EN LOS PRÓXIMOS AÑOS DE DIVERSAS COMPETENCIAS ",En lenguas extranjeras,100,18.104,39.509,29.97,,12.417
2021,EAL-16f,"EMPRESAS DEL SECTOR SERVICIOS, SEGÚN GRADO DE IMPORTANCIA  PARA EL DESARROLLO DE LA EMPRESA EN LOS PRÓXIMOS AÑOS DE DIVERSAS COMPETENCIAS ",Básicas de cálculo y/o comunicación oral o escrita,100,17.97,39.017,31.259,,11.754
2021,EAL-16f,"EMPRESAS DEL SECTOR SERVICIOS, SEGÚN GRADO DE IMPORTANCIA  PARA EL DESARROLLO DE LA EMPRESA EN LOS PRÓXIMOS AÑOS DE DIVERSAS COMPETENCIAS ",Generales de tecnologías de la información ,100,10.174,31.236,40.866,,17.724
2021,EAL-16f,"EMPRESAS DEL SECTOR SERVICIOS, SEGÚN GRADO DE IMPORTANCIA  PARA EL DESARROLLO DE LA EMPRESA EN LOS PRÓXIMOS AÑOS DE DIVERSAS COMPETENCIAS ",Profesionales de tecnologías de la información ,100,22.925,40.999,24.956,,11.12
2022,EAL-16,"EMPRESAS, SEGÚN GRADO DE IMPORTANCIA  PARA EL DESARROLLO DE LA EMPRESA EN LOS PRÓXIMOS AÑOS DE DIVERSAS COMPETENCIAS ",De dirección,100,8.849,19.912,42.71,,28.53
2022,EAL-16,"EMPRESAS, SEGÚN GRADO DE IMPORTANCIA  PARA EL DESARROLLO DE LA EMPRESA EN LOS PRÓXIMOS AÑOS DE DIVERSAS COMPETENCIAS ",De trabajo en equipo,100,2.354,6.313,48.921,,42.412
2022,EAL-16,"EMPRESAS, SEGÚN GRADO DE IMPORTANCIA  PARA EL DESARROLLO DE LA EMPRESA EN LOS PRÓXIMOS AÑOS DE DIVERSAS COMPETENCIAS ",De atención al público/ trato a clientes,100,4.344,14.56,39.998,,41.099
2022,EAL-16,"EMPRESAS, SEGÚN GRADO DE IMPORTANCIA  PARA EL DESARROLLO DE LA EMPRESA EN LOS PRÓXIMOS AÑOS DE DIVERSAS COMPETENCIAS ",Administrativas de oficina,100,7.903,24.507,43.707,,23.883
2022,EAL-16,"EMPRESAS, SEGÚN GRADO DE IMPORTANCIA  PARA EL DESARROLLO DE LA EMPRESA EN LOS PRÓXIMOS AÑOS DE DIVERSAS COMPETENCIAS ","De resolución de problemas (localización de problemas o fallos, análisis de sus causas y búsqueda de soluciones)",100,4.426,14.532,48.469,,32.573
2022,EAL-16,"EMPRESAS, SEGÚN GRADO DE IMPORTANCIA  PARA EL DESARROLLO DE LA EMPRESA EN LOS PRÓXIMOS AÑOS DE DIVERSAS COMPETENCIAS ",En lenguas extranjeras,100,18.558,40.786,26.824,,13.832
2022,EAL-16,"EMPRESAS, SEGÚN GRADO DE IMPORTANCIA  PARA EL DESARROLLO DE LA EMPRESA EN LOS PRÓXIMOS AÑOS DE DIVERSAS COMPETENCIAS ",Básicas de cálculo y/o comunicación oral o escrita,100,17.603,38.581,33.558,,10.258
2022,EAL-16,"EMPRESAS, SEGÚN GRADO DE IMPORTANCIA  PARA EL DESARROLLO DE LA EMPRESA EN LOS PRÓXIMOS AÑOS DE DIVERSAS COMPETENCIAS ",Generales de tecnologías de la información ,100,10.301,28.712,44.416,,16.571
2022,EAL-16,"EMPRESAS, SEGÚN GRADO DE IMPORTANCIA  PARA EL DESARROLLO DE LA EMPRESA EN LOS PRÓXIMOS AÑOS DE DIVERSAS COMPETENCIAS ",Profesionales de tecnologías de la información ,100,21.65,41.529,26.527,,10.294
2022,EAL-16,"EMPRESAS, SEGÚN GRADO DE IMPORTANCIA  PARA EL DESARROLLO DE LA EMPRESA EN LOS PRÓXIMOS AÑOS DE DIVERSAS COMPETENCIAS ","Competencias técnicas, prácticas y otras específicas del puesto de trabajo ",100,15.553,25.882,36.815,,21.749
2022,EAL-16c,"EMPRESAS DE MÁS DE 499 TRABAJADORES, SEGÚN GRADO DE IMPORTANCIA  PARA EL DESARROLLO DE LA EMPRESA EN LOS PRÓXIMOS AÑOS DE DIVERSAS COMPETENCIAS ",De dirección,100,1.714,8.773,46.978,,42.535
2022,EAL-16c,"EMPRESAS DE MÁS DE 499 TRABAJADORES, SEGÚN GRADO DE IMPORTANCIA  PARA EL DESARROLLO DE LA EMPRESA EN LOS PRÓXIMOS AÑOS DE DIVERSAS COMPETENCIAS ",De trabajo en equipo,100,0.504,3.198,42.374,,53.924
2022,EAL-16c,"EMPRESAS DE MÁS DE 499 TRABAJADORES, SEGÚN GRADO DE IMPORTANCIA  PARA EL DESARROLLO DE LA EMPRESA EN LOS PRÓXIMOS AÑOS DE DIVERSAS COMPETENCIAS ",De atención al público/ trato a clientes,100,2.505,13.57,43.319,,40.606
2022,EAL-16c,"EMPRESAS DE MÁS DE 499 TRABAJADORES, SEGÚN GRADO DE IMPORTANCIA  PARA EL DESARROLLO DE LA EMPRESA EN LOS PRÓXIMOS AÑOS DE DIVERSAS COMPETENCIAS ",Administrativas de oficina,100,1.828,23.259,52.651,,22.261
2022,EAL-16c,"EMPRESAS DE MÁS DE 499 TRABAJADORES, SEGÚN GRADO DE IMPORTANCIA  PARA EL DESARROLLO DE LA EMPRESA EN LOS PRÓXIMOS AÑOS DE DIVERSAS COMPETENCIAS ","De resolución de problemas (localización de problemas o fallos, análisis de sus causas y búsqueda de soluciones)",100,1.236,10.034,48.775,,39.955
2022,EAL-16c,"EMPRESAS DE MÁS DE 499 TRABAJADORES, SEGÚN GRADO DE IMPORTANCIA  PARA EL DESARROLLO DE LA EMPRESA EN LOS PRÓXIMOS AÑOS DE DIVERSAS COMPETENCIAS ",En lenguas extranjeras,100,8.469,29.958,38.298,,23.275
2022,EAL-16c,"EMPRESAS DE MÁS DE 499 TRABAJADORES, SEGÚN GRADO DE IMPORTANCIA  PARA EL DESARROLLO DE LA EMPRESA EN LOS PRÓXIMOS AÑOS DE DIVERSAS COMPETENCIAS ",Básicas de cálculo y/o comunicación oral o escrita,100,4.834,29.013,49.702,,16.452
2022,EAL-16c,"EMPRESAS DE MÁS DE 499 TRABAJADORES, SEGÚN GRADO DE IMPORTANCIA  PARA EL DESARROLLO DE LA EMPRESA EN LOS PRÓXIMOS AÑOS DE DIVERSAS COMPETENCIAS ",Generales de tecnologías de la información ,100,1.674,13.755,50.314,,34.257
2022,EAL-16c,"EMPRESAS DE MÁS DE 499 TRABAJADORES, SEGÚN GRADO DE IMPORTANCIA  PARA EL DESARROLLO DE LA EMPRESA EN LOS PRÓXIMOS AÑOS DE DIVERSAS COMPETENCIAS ",Profesionales de tecnologías de la información ,100,5.784,23.95,42.536,,27.731
2022,EAL-16c,"EMPRESAS DE MÁS DE 499 TRABAJADORES, SEGÚN GRADO DE IMPORTANCIA  PARA EL DESARROLLO DE LA EMPRESA EN LOS PRÓXIMOS AÑOS DE DIVERSAS COMPETENCIAS ","Competencias técnicas, prácticas y otras específicas del puesto de trabajo ",100,6.771,18.571,41.027,,33.63
2022,EAL-16f,"EMPRESAS DEL SECTOR SERVICIOS, SEGÚN GRADO DE IMPORTANCIA  PARA EL DESARROLLO DE LA EMPRESA EN LOS PRÓXIMOS AÑOS DE DIVERSAS COMPETENCIAS ",De dirección,100,9.324,20.397,41.712,,28.567
2022,EAL-16f,"EMPRESAS DEL SECTOR SERVICIOS, SEGÚN GRADO DE IMPORTANCIA  PARA EL DESARROLLO DE LA EMPRESA EN LOS PRÓXIMOS AÑOS DE DIVERSAS COMPETENCIAS ",De trabajo en equipo,100,2.417,6.444,47.177,,43.962
2022,EAL-16f,"EMPRESAS DEL SECTOR SERVICIOS, SEGÚN GRADO DE IMPORTANCIA  PARA EL DESARROLLO DE LA EMPRESA EN LOS PRÓXIMOS AÑOS DE DIVERSAS COMPETENCIAS ",De atención al público/ trato a clientes,100,2.76,10.952,38.709,,47.58
2022,EAL-16f,"EMPRESAS DEL SECTOR SERVICIOS, SEGÚN GRADO DE IMPORTANCIA  PARA EL DESARROLLO DE LA EMPRESA EN LOS PRÓXIMOS AÑOS DE DIVERSAS COMPETENCIAS ",Administrativas de oficina,100,8.798,24.911,42.398,,23.893
2022,EAL-16f,"EMPRESAS DEL SECTOR SERVICIOS, SEGÚN GRADO DE IMPORTANCIA  PARA EL DESARROLLO DE LA EMPRESA EN LOS PRÓXIMOS AÑOS DE DIVERSAS COMPETENCIAS ","De resolución de problemas (localización de problemas o fallos, análisis de sus causas y búsqueda de soluciones)",100,4.737,14.76,48.288,,32.215
2022,EAL-16f,"EMPRESAS DEL SECTOR SERVICIOS, SEGÚN GRADO DE IMPORTANCIA  PARA EL DESARROLLO DE LA EMPRESA EN LOS PRÓXIMOS AÑOS DE DIVERSAS COMPETENCIAS ",En lenguas extranjeras,100,15.751,39.373,28.618,,16.258
2022,EAL-16f,"EMPRESAS DEL SECTOR SERVICIOS, SEGÚN GRADO DE IMPORTANCIA  PARA EL DESARROLLO DE LA EMPRESA EN LOS PRÓXIMOS AÑOS DE DIVERSAS COMPETENCIAS ",Básicas de cálculo y/o comunicación oral o escrita,100,17.4,37.753,33.791,,11.056
2022,EAL-16f,"EMPRESAS DEL SECTOR SERVICIOS, SEGÚN GRADO DE IMPORTANCIA  PARA EL DESARROLLO DE LA EMPRESA EN LOS PRÓXIMOS AÑOS DE DIVERSAS COMPETENCIAS ",Generales de tecnologías de la información ,100,10.527,28.09,43.632,,17.75
2022,EAL-16f,"EMPRESAS DEL SECTOR SERVICIOS, SEGÚN GRADO DE IMPORTANCIA  PARA EL DESARROLLO DE LA EMPRESA EN LOS PRÓXIMOS AÑOS DE DIVERSAS COMPETENCIAS ",Profesionales de tecnologías de la información ,100,23.009,39.968,25.742,,11.281
2022,EAL-16f,"EMPRESAS DEL SECTOR SERVICIOS, SEGÚN GRADO DE IMPORTANCIA  PARA EL DESARROLLO DE LA EMPRESA EN LOS PRÓXIMOS AÑOS DE DIVERSAS COMPETENCIAS ","Competencias técnicas, prácticas y otras específicas del puesto de trabajo ",100,19.651,29.685,33.088,,17.576
2023,EAL-16,"EMPRESAS, SEGÚN GRADO DE IMPORTANCIA  PARA EL DESARROLLO DE LA EMPRESA EN LOS PRÓXIMOS AÑOS DE DIVERSAS COMPETENCIAS ",De dirección,100,8.568,19.675,41.065,,30.692
2023,EAL-16,"EMPRESAS, SEGÚN GRADO DE IMPORTANCIA  PARA EL DESARROLLO DE LA EMPRESA EN LOS PRÓXIMOS AÑOS DE DIVERSAS COMPETENCIAS ",De trabajo en equipo,100,1.826,5.726,48.399,,44.05
2023,EAL-16,"EMPRESAS, SEGÚN GRADO DE IMPORTANCIA  PARA EL DESARROLLO DE LA EMPRESA EN LOS PRÓXIMOS AÑOS DE DIVERSAS COMPETENCIAS ",De atención al público/ trato a clientes,100,3.693,13.973,40.058,,42.276
2023,EAL-16,"EMPRESAS, SEGÚN GRADO DE IMPORTANCIA  PARA EL DESARROLLO DE LA EMPRESA EN LOS PRÓXIMOS AÑOS DE DIVERSAS COMPETENCIAS ",Administrativas de oficina,100,7.32,25.19,42.275,,25.215
2023,EAL-16,"EMPRESAS, SEGÚN GRADO DE IMPORTANCIA  PARA EL DESARROLLO DE LA EMPRESA EN LOS PRÓXIMOS AÑOS DE DIVERSAS COMPETENCIAS ","De resolución de problemas (localización de problemas o fallos, análisis de sus causas y búsqueda de soluciones)",100,3.77,12.458,48.239,,35.532
2023,EAL-16,"EMPRESAS, SEGÚN GRADO DE IMPORTANCIA  PARA EL DESARROLLO DE LA EMPRESA EN LOS PRÓXIMOS AÑOS DE DIVERSAS COMPETENCIAS ",En lenguas extranjeras,100,16.922,41.072,29.37,,12.636
2023,EAL-16,"EMPRESAS, SEGÚN GRADO DE IMPORTANCIA  PARA EL DESARROLLO DE LA EMPRESA EN LOS PRÓXIMOS AÑOS DE DIVERSAS COMPETENCIAS ",Básicas de cálculo y/o comunicación oral o escrita,100,16.246,36.869,35.119,,11.766
2023,EAL-16,"EMPRESAS, SEGÚN GRADO DE IMPORTANCIA  PARA EL DESARROLLO DE LA EMPRESA EN LOS PRÓXIMOS AÑOS DE DIVERSAS COMPETENCIAS ",Generales de tecnologías de la información ,100,9.219,27.872,45.666,,17.243
2023,EAL-16,"EMPRESAS, SEGÚN GRADO DE IMPORTANCIA  PARA EL DESARROLLO DE LA EMPRESA EN LOS PRÓXIMOS AÑOS DE DIVERSAS COMPETENCIAS ",Profesionales de tecnologías de la información ,100,21.163,40.39,27.537,,10.91
2023,EAL-16,"EMPRESAS, SEGÚN GRADO DE IMPORTANCIA  PARA EL DESARROLLO DE LA EMPRESA EN LOS PRÓXIMOS AÑOS DE DIVERSAS COMPETENCIAS ","Competencias técnicas, prácticas y otras específicas del puesto de trabajo ",100,14.639,24.382,39.3,,21.679
2023,EAL-16c,"EMPRESAS DE MÁS DE 499 TRABAJADORES, SEGÚN GRADO DE IMPORTANCIA  PARA EL DESARROLLO DE LA EMPRESA EN LOS PRÓXIMOS AÑOS DE DIVERSAS COMPETENCIAS ",De dirección,100,1.683,6.837,47.594,,43.887
2023,EAL-16c,"EMPRESAS DE MÁS DE 499 TRABAJADORES, SEGÚN GRADO DE IMPORTANCIA  PARA EL DESARROLLO DE LA EMPRESA EN LOS PRÓXIMOS AÑOS DE DIVERSAS COMPETENCIAS ",De trabajo en equipo,100,0.563,3.19,41.401,,54.846
2023,EAL-16c,"EMPRESAS DE MÁS DE 499 TRABAJADORES, SEGÚN GRADO DE IMPORTANCIA  PARA EL DESARROLLO DE LA EMPRESA EN LOS PRÓXIMOS AÑOS DE DIVERSAS COMPETENCIAS ",De atención al público/ trato a clientes,100,2.309,15.224,40.34,,42.127
2023,EAL-16c,"EMPRESAS DE MÁS DE 499 TRABAJADORES, SEGÚN GRADO DE IMPORTANCIA  PARA EL DESARROLLO DE LA EMPRESA EN LOS PRÓXIMOS AÑOS DE DIVERSAS COMPETENCIAS ",Administrativas de oficina,100,1.36,22.569,51.792,,24.28
2023,EAL-16c,"EMPRESAS DE MÁS DE 499 TRABAJADORES, SEGÚN GRADO DE IMPORTANCIA  PARA EL DESARROLLO DE LA EMPRESA EN LOS PRÓXIMOS AÑOS DE DIVERSAS COMPETENCIAS ","De resolución de problemas (localización de problemas o fallos, análisis de sus causas y búsqueda de soluciones)",100,1.235,9.956,49.069,,39.74
2023,EAL-16c,"EMPRESAS DE MÁS DE 499 TRABAJADORES, SEGÚN GRADO DE IMPORTANCIA  PARA EL DESARROLLO DE LA EMPRESA EN LOS PRÓXIMOS AÑOS DE DIVERSAS COMPETENCIAS ",En lenguas extranjeras,100,8.274,29.724,37.9,,24.102
2023,EAL-16c,"EMPRESAS DE MÁS DE 499 TRABAJADORES, SEGÚN GRADO DE IMPORTANCIA  PARA EL DESARROLLO DE LA EMPRESA EN LOS PRÓXIMOS AÑOS DE DIVERSAS COMPETENCIAS ",Básicas de cálculo y/o comunicación oral o escrita,100,3.272,28.908,51.009,,16.811
2023,EAL-16c,"EMPRESAS DE MÁS DE 499 TRABAJADORES, SEGÚN GRADO DE IMPORTANCIA  PARA EL DESARROLLO DE LA EMPRESA EN LOS PRÓXIMOS AÑOS DE DIVERSAS COMPETENCIAS ",Generales de tecnologías de la información ,100,1.152,13.711,52.756,,32.381
2023,EAL-16c,"EMPRESAS DE MÁS DE 499 TRABAJADORES, SEGÚN GRADO DE IMPORTANCIA  PARA EL DESARROLLO DE LA EMPRESA EN LOS PRÓXIMOS AÑOS DE DIVERSAS COMPETENCIAS ",Profesionales de tecnologías de la información ,100,3.932,26.585,41.633,,27.85
2023,EAL-16c,"EMPRESAS DE MÁS DE 499 TRABAJADORES, SEGÚN GRADO DE IMPORTANCIA  PARA EL DESARROLLO DE LA EMPRESA EN LOS PRÓXIMOS AÑOS DE DIVERSAS COMPETENCIAS ","Competencias técnicas, prácticas y otras específicas del puesto de trabajo ",100,5.963,18.012,41.874,,34.152
2023,EAL-16f,"EMPRESAS DEL SECTOR SERVICIOS, SEGÚN GRADO DE IMPORTANCIA  PARA EL DESARROLLO DE LA EMPRESA EN LOS PRÓXIMOS AÑOS DE DIVERSAS COMPETENCIAS ",De dirección,100,8.968,20.067,40.664,,30.301
2023,EAL-16f,"EMPRESAS DEL SECTOR SERVICIOS, SEGÚN GRADO DE IMPORTANCIA  PARA EL DESARROLLO DE LA EMPRESA EN LOS PRÓXIMOS AÑOS DE DIVERSAS COMPETENCIAS ",De trabajo en equipo,100,1.843,5.6,47.733,,44.824
2023,EAL-16f,"EMPRESAS DEL SECTOR SERVICIOS, SEGÚN GRADO DE IMPORTANCIA  PARA EL DESARROLLO DE LA EMPRESA EN LOS PRÓXIMOS AÑOS DE DIVERSAS COMPETENCIAS ",De atención al público/ trato a clientes,100,2.386,10.317,39.21,,48.087
2023,EAL-16f,"EMPRESAS DEL SECTOR SERVICIOS, SEGÚN GRADO DE IMPORTANCIA  PARA EL DESARROLLO DE LA EMPRESA EN LOS PRÓXIMOS AÑOS DE DIVERSAS COMPETENCIAS ",Administrativas de oficina,100,7.957,26.586,40.863,,24.594
2023,EAL-16f,"EMPRESAS DEL SECTOR SERVICIOS, SEGÚN GRADO DE IMPORTANCIA  PARA EL DESARROLLO DE LA EMPRESA EN LOS PRÓXIMOS AÑOS DE DIVERSAS COMPETENCIAS ","De resolución de problemas (localización de problemas o fallos, análisis de sus causas y búsqueda de soluciones)",100,3.736,12.929,47.849,,35.486
2023,EAL-16f,"EMPRESAS DEL SECTOR SERVICIOS, SEGÚN GRADO DE IMPORTANCIA  PARA EL DESARROLLO DE LA EMPRESA EN LOS PRÓXIMOS AÑOS DE DIVERSAS COMPETENCIAS ",En lenguas extranjeras,100,13.819,39.831,31.605,,14.744
2023,EAL-16f,"EMPRESAS DEL SECTOR SERVICIOS, SEGÚN GRADO DE IMPORTANCIA  PARA EL DESARROLLO DE LA EMPRESA EN LOS PRÓXIMOS AÑOS DE DIVERSAS COMPETENCIAS ",Básicas de cálculo y/o comunicación oral o escrita,100,15.896,36.201,35.147,,12.756
2023,EAL-16f,"EMPRESAS DEL SECTOR SERVICIOS, SEGÚN GRADO DE IMPORTANCIA  PARA EL DESARROLLO DE LA EMPRESA EN LOS PRÓXIMOS AÑOS DE DIVERSAS COMPETENCIAS ",Generales de tecnologías de la información ,100,8.827,28.497,44.608,,18.068
2023,EAL-16f,"EMPRESAS DEL SECTOR SERVICIOS, SEGÚN GRADO DE IMPORTANCIA  PARA EL DESARROLLO DE LA EMPRESA EN LOS PRÓXIMOS AÑOS DE DIVERSAS COMPETENCIAS ",Profesionales de tecnologías de la información ,100,21.769,39.786,27.027,,11.418
2023,EAL-16f,"EMPRESAS DEL SECTOR SERVICIOS, SEGÚN GRADO DE IMPORTANCIA  PARA EL DESARROLLO DE LA EMPRESA EN LOS PRÓXIMOS AÑOS DE DIVERSAS COMPETENCIAS ","Competencias técnicas, prácticas y otras específicas del puesto de trabajo ",100,18.191,27.963,35.785,,18.061
2024,EAL-16,EMPRESAS SEGÚN GRADO DE IMPORTANCIA  PARA EL DESARROLLO DE LA EMPRESA EN LOS PRÓXIMOS AÑOS DE DIVERSAS COMPETENCIAS ,De dirección,100,10.414,18.818,40.283,,30.484
2024,EAL-16,EMPRESAS SEGÚN GRADO DE IMPORTANCIA  PARA EL DESARROLLO DE LA EMPRESA EN LOS PRÓXIMOS AÑOS DE DIVERSAS COMPETENCIAS ,De trabajo en equipo,100,2.224,5.822,45.125,,46.829
2024,EAL-16,EMPRESAS SEGÚN GRADO DE IMPORTANCIA  PARA EL DESARROLLO DE LA EMPRESA EN LOS PRÓXIMOS AÑOS DE DIVERSAS COMPETENCIAS ,De atención al público/ trato a clientes,100,5.128,13.392,37.144,,44.336
2024,EAL-16,EMPRESAS SEGÚN GRADO DE IMPORTANCIA  PARA EL DESARROLLO DE LA EMPRESA EN LOS PRÓXIMOS AÑOS DE DIVERSAS COMPETENCIAS ,Administrativas de oficina,100,11.117,25.313,37.788,,25.782
2024,EAL-16,EMPRESAS SEGÚN GRADO DE IMPORTANCIA  PARA EL DESARROLLO DE LA EMPRESA EN LOS PRÓXIMOS AÑOS DE DIVERSAS COMPETENCIAS ,"De resolución de problemas (localización de problemas o fallos, análisis de sus causas y búsqueda de soluciones)",100,5.893,15.752,44.063,,34.292
2024,EAL-16,EMPRESAS SEGÚN GRADO DE IMPORTANCIA  PARA EL DESARROLLO DE LA EMPRESA EN LOS PRÓXIMOS AÑOS DE DIVERSAS COMPETENCIAS ,En lenguas extranjeras,100,23.022,40.356,24.568,,12.054
2024,EAL-16,EMPRESAS SEGÚN GRADO DE IMPORTANCIA  PARA EL DESARROLLO DE LA EMPRESA EN LOS PRÓXIMOS AÑOS DE DIVERSAS COMPETENCIAS ,Básicas de cálculo y/o comunicación oral o escrita,100,22.688,36.513,29.697,,11.102
2024,EAL-16,EMPRESAS SEGÚN GRADO DE IMPORTANCIA  PARA EL DESARROLLO DE LA EMPRESA EN LOS PRÓXIMOS AÑOS DE DIVERSAS COMPETENCIAS ,Generales de tecnologías de la información ,100,13.593,29.346,39.173,,17.888
2024,EAL-16,EMPRESAS SEGÚN GRADO DE IMPORTANCIA  PARA EL DESARROLLO DE LA EMPRESA EN LOS PRÓXIMOS AÑOS DE DIVERSAS COMPETENCIAS ,Profesionales de tecnologías de la información ,100,26.908,37.656,24.493,,10.944
2024,EAL-16,EMPRESAS SEGÚN GRADO DE IMPORTANCIA  PARA EL DESARROLLO DE LA EMPRESA EN LOS PRÓXIMOS AÑOS DE DIVERSAS COMPETENCIAS ,"Competencias técnicas, prácticas y otras específicas del puesto de trabajo ",100,13.417,18.861,36.496,,31.226
2024,EAL-16c,EMPRESAS DE MÁS DE 499 TRABAJADORES SEGÚN GRADO DE IMPORTANCIA  PARA EL DESARROLLO DE LA EMPRESA EN LOS PRÓXIMOS AÑOS DE DIVERSAS COMPETENCIAS ,De dirección,100,1.219,8.24,42.912,,47.628
2024,EAL-16c,EMPRESAS DE MÁS DE 499 TRABAJADORES SEGÚN GRADO DE IMPORTANCIA  PARA EL DESARROLLO DE LA EMPRESA EN LOS PRÓXIMOS AÑOS DE DIVERSAS COMPETENCIAS ,De trabajo en equipo,100,0.35,2.647,40.67,,56.333
2024,EAL-16c,EMPRESAS DE MÁS DE 499 TRABAJADORES SEGÚN GRADO DE IMPORTANCIA  PARA EL DESARROLLO DE LA EMPRESA EN LOS PRÓXIMOS AÑOS DE DIVERSAS COMPETENCIAS ,De atención al público/ trato a clientes,100,2.959,15.763,37.806,,43.472
2024,EAL-16c,EMPRESAS DE MÁS DE 499 TRABAJADORES SEGÚN GRADO DE IMPORTANCIA  PARA EL DESARROLLO DE LA EMPRESA EN LOS PRÓXIMOS AÑOS DE DIVERSAS COMPETENCIAS ,Administrativas de oficina,100,2.211,21.871,49.752,,26.166
2024,EAL-16c,EMPRESAS DE MÁS DE 499 TRABAJADORES SEGÚN GRADO DE IMPORTANCIA  PARA EL DESARROLLO DE LA EMPRESA EN LOS PRÓXIMOS AÑOS DE DIVERSAS COMPETENCIAS ,"De resolución de problemas (localización de problemas o fallos, análisis de sus causas y búsqueda de soluciones)",100,1.237,11.915,49.421,,37.427
2024,EAL-16c,EMPRESAS DE MÁS DE 499 TRABAJADORES SEGÚN GRADO DE IMPORTANCIA  PARA EL DESARROLLO DE LA EMPRESA EN LOS PRÓXIMOS AÑOS DE DIVERSAS COMPETENCIAS ,En lenguas extranjeras,100,8.034,33.434,36.148,,22.384
2024,EAL-16c,EMPRESAS DE MÁS DE 499 TRABAJADORES SEGÚN GRADO DE IMPORTANCIA  PARA EL DESARROLLO DE LA EMPRESA EN LOS PRÓXIMOS AÑOS DE DIVERSAS COMPETENCIAS ,Básicas de cálculo y/o comunicación oral o escrita,100,4.952,29.125,45.866,,20.057
2024,EAL-16c,EMPRESAS DE MÁS DE 499 TRABAJADORES SEGÚN GRADO DE IMPORTANCIA  PARA EL DESARROLLO DE LA EMPRESA EN LOS PRÓXIMOS AÑOS DE DIVERSAS COMPETENCIAS ,Generales de tecnologías de la información ,100,2.056,14.576,48.346,,35.022
2024,EAL-16c,EMPRESAS DE MÁS DE 499 TRABAJADORES SEGÚN GRADO DE IMPORTANCIA  PARA EL DESARROLLO DE LA EMPRESA EN LOS PRÓXIMOS AÑOS DE DIVERSAS COMPETENCIAS ,Profesionales de tecnologías de la información ,100,6.458,25.46,39.324,,28.758
2024,EAL-16c,EMPRESAS DE MÁS DE 499 TRABAJADORES SEGÚN GRADO DE IMPORTANCIA  PARA EL DESARROLLO DE LA EMPRESA EN LOS PRÓXIMOS AÑOS DE DIVERSAS COMPETENCIAS ,"Competencias técnicas, prácticas y otras específicas del puesto de trabajo ",100,6.08,16.604,37.88,,39.435
2024,EAL-16f,EMPRESAS DEL SECTOR SERVICIOS SEGÚN GRADO DE IMPORTANCIA  PARA EL DESARROLLO DE LA EMPRESA EN LOS PRÓXIMOS AÑOS DE DIVERSAS COMPETENCIAS ,De dirección,100,11.117,19.077,39.637,,30.169
2024,EAL-16f,EMPRESAS DEL SECTOR SERVICIOS SEGÚN GRADO DE IMPORTANCIA  PARA EL DESARROLLO DE LA EMPRESA EN LOS PRÓXIMOS AÑOS DE DIVERSAS COMPETENCIAS ,De trabajo en equipo,100,2.189,5.68,43.455,,48.677
2024,EAL-16f,EMPRESAS DEL SECTOR SERVICIOS SEGÚN GRADO DE IMPORTANCIA  PARA EL DESARROLLO DE LA EMPRESA EN LOS PRÓXIMOS AÑOS DE DIVERSAS COMPETENCIAS ,De atención al público/ trato a clientes,100,3.851,9.635,35.976,,50.538
2024,EAL-16f,EMPRESAS DEL SECTOR SERVICIOS SEGÚN GRADO DE IMPORTANCIA  PARA EL DESARROLLO DE LA EMPRESA EN LOS PRÓXIMOS AÑOS DE DIVERSAS COMPETENCIAS ,Administrativas de oficina,100,11.946,26.811,36.084,,25.159
2024,EAL-16f,EMPRESAS DEL SECTOR SERVICIOS SEGÚN GRADO DE IMPORTANCIA  PARA EL DESARROLLO DE LA EMPRESA EN LOS PRÓXIMOS AÑOS DE DIVERSAS COMPETENCIAS ,"De resolución de problemas (localización de problemas o fallos, análisis de sus causas y búsqueda de soluciones)",100,6.288,16.716,43.524,,33.473
2024,EAL-16f,EMPRESAS DEL SECTOR SERVICIOS SEGÚN GRADO DE IMPORTANCIA  PARA EL DESARROLLO DE LA EMPRESA EN LOS PRÓXIMOS AÑOS DE DIVERSAS COMPETENCIAS ,En lenguas extranjeras,100,19.897,39.443,26.688,,13.971
2024,EAL-16f,EMPRESAS DEL SECTOR SERVICIOS SEGÚN GRADO DE IMPORTANCIA  PARA EL DESARROLLO DE LA EMPRESA EN LOS PRÓXIMOS AÑOS DE DIVERSAS COMPETENCIAS ,Básicas de cálculo y/o comunicación oral o escrita,100,23.147,35.378,29.419,,12.056
2024,EAL-16f,EMPRESAS DEL SECTOR SERVICIOS SEGÚN GRADO DE IMPORTANCIA  PARA EL DESARROLLO DE LA EMPRESA EN LOS PRÓXIMOS AÑOS DE DIVERSAS COMPETENCIAS ,Generales de tecnologías de la información ,100,13.863,28.992,38.165,,18.98
2024,EAL-16f,EMPRESAS DEL SECTOR SERVICIOS SEGÚN GRADO DE IMPORTANCIA  PARA EL DESARROLLO DE LA EMPRESA EN LOS PRÓXIMOS AÑOS DE DIVERSAS COMPETENCIAS ,Profesionales de tecnologías de la información ,100,27.918,36.061,24.113,,11.909
2024,EAL-16f,EMPRESAS DEL SECTOR SERVICIOS SEGÚN GRADO DE IMPORTANCIA  PARA EL DESARROLLO DE LA EMPRESA EN LOS PRÓXIMOS AÑOS DE DIVERSAS COMPETENCIAS ,"Competencias técnicas, prácticas y otras específicas del puesto de trabajo ",100,16.375,22.136,34.43,,27.059
