anio,tabla,pregunta,dimension,ambito,total_empresas,total_trabajadores,varones,mujeres,distribucion_porcentual_varones,distribucion_porcentual_mujeres
2020,EAL-C1,"EMPRESAS Y TRABAJADORES SEGÚN SEXO, POR TAMAÑO DE LA EMPRESA, ACTIVIDAD ECONÓMICA Y COMUNIDAD AUTÓNOMA",TOTAL,ENCUESTA ANUAL LABORAL TOTAL,308934,8971719,5339455,3632264,59.5,40.5
2020,EAL-C1,"EMPRESAS Y TRABAJADORES SEGÚN SEXO, POR TAMAÑO DE LA EMPRESA, ACTIVIDAD ECONÓMICA Y COMUNIDAD AUTÓNOMA",TAMAÑO DE LA EMPRESA,De 5 a 9 trabajadores,161389,1043863,614464,429399,58.9,41.1
2020,EAL-C1,"EMPRESAS Y TRABAJADORES SEGÚN SEXO, POR TAMAÑO DE LA EMPRESA, ACTIVIDAD ECONÓMICA Y COMUNIDAD AUTÓNOMA",TAMAÑO DE LA EMPRESA,De 10 a 49 trabajadores,125157,2418561,1575664,842897,65.1,34.9
2020,EAL-C1,"EMPRESAS Y TRABAJADORES SEGÚN SEXO, POR TAMAÑO DE LA EMPRESA, ACTIVIDAD ECONÓMICA Y COMUNIDAD AUTÓNOMA",TAMAÑO DE LA EMPRESA,De 50 a 249 trabajadores,18760,1843904,1176140,667764,63.8,36.2
2020,EAL-C1,"EMPRESAS Y TRABAJADORES SEGÚN SEXO, POR TAMAÑO DE LA EMPRESA, ACTIVIDAD ECONÓMICA Y COMUNIDAD AUTÓNOMA",TAMAÑO DE LA EMPRESA,De 250 a 499 trabajadores,2033,697649,415975,281674,59.6,40.4
2020,EAL-C1,"EMPRESAS Y TRABAJADORES SEGÚN SEXO, POR TAMAÑO DE LA EMPRESA, ACTIVIDAD ECONÓMICA Y COMUNIDAD AUTÓNOMA",TAMAÑO DE LA EMPRESA,Más de 499 trabajadores,1595,2967742,1557212,1410530,52.5,47.5
2020,EAL-C1,"EMPRESAS Y TRABAJADORES SEGÚN SEXO, POR TAMAÑO DE LA EMPRESA, ACTIVIDAD ECONÓMICA Y COMUNIDAD AUTÓNOMA",ACTIVIDAD ECONÓMICA,Industria,50514,1896336,1398755,497581,73.8,26.2
2020,EAL-C1,"EMPRESAS Y TRABAJADORES SEGÚN SEXO, POR TAMAÑO DE LA EMPRESA, ACTIVIDAD ECONÓMICA Y COMUNIDAD AUTÓNOMA",ACTIVIDAD ECONÓMICA,Construcción,38270,658935,584347,74588,88.7,11.3
2020,EAL-C1,"EMPRESAS Y TRABAJADORES SEGÚN SEXO, POR TAMAÑO DE LA EMPRESA, ACTIVIDAD ECONÓMICA Y COMUNIDAD AUTÓNOMA",ACTIVIDAD ECONÓMICA,Comercio y reparación de vehículos,74902,1948630,983095,965535,50.5,49.5
2020,EAL-C1,"EMPRESAS Y TRABAJADORES SEGÚN SEXO, POR TAMAÑO DE LA EMPRESA, ACTIVIDAD ECONÓMICA Y COMUNIDAD AUTÓNOMA",ACTIVIDAD ECONÓMICA,Transporte y almacenamiento,18517,618758,470554,148204,76,24
2020,EAL-C1,"EMPRESAS Y TRABAJADORES SEGÚN SEXO, POR TAMAÑO DE LA EMPRESA, ACTIVIDAD ECONÓMICA Y COMUNIDAD AUTÓNOMA",ACTIVIDAD ECONÓMICA,Hostelería,52690,888045,417509,470536,47,53
2020,EAL-C1,"EMPRESAS Y TRABAJADORES SEGÚN SEXO, POR TAMAÑO DE LA EMPRESA, ACTIVIDAD ECONÓMICA Y COMUNIDAD AUTÓNOMA",ACTIVIDAD ECONÓMICA,"Información, comunicaciones, actividades financieras, de seguros e inmobiliarias",15129,778414,450471,327943,57.9,42.1
2020,EAL-C1,"EMPRESAS Y TRABAJADORES SEGÚN SEXO, POR TAMAÑO DE LA EMPRESA, ACTIVIDAD ECONÓMICA Y COMUNIDAD AUTÓNOMA",ACTIVIDAD ECONÓMICA,"Actividades profesionales, científicas y técnicas",23223,578484,285530,292954,49.4,50.6
2020,EAL-C1,"EMPRESAS Y TRABAJADORES SEGÚN SEXO, POR TAMAÑO DE LA EMPRESA, ACTIVIDAD ECONÓMICA Y COMUNIDAD AUTÓNOMA",ACTIVIDAD ECONÓMICA,Actividades administrativas y servicios auxiliares,17205,1243979,572068,671911,46,54
2020,EAL-C1,"EMPRESAS Y TRABAJADORES SEGÚN SEXO, POR TAMAÑO DE LA EMPRESA, ACTIVIDAD ECONÓMICA Y COMUNIDAD AUTÓNOMA",ACTIVIDAD ECONÓMICA,"Actividades artísticas, recreativas y de entretenimiento y otros servicios",18484,360138,177126,183012,49.2,50.8
2020,EAL-C1,"EMPRESAS Y TRABAJADORES SEGÚN SEXO, POR TAMAÑO DE LA EMPRESA, ACTIVIDAD ECONÓMICA Y COMUNIDAD AUTÓNOMA",COMUNIDAD AUTÓNOMA,Andalucía,46314,890916,573658,317258,64.4,35.6
2020,EAL-C1,"EMPRESAS Y TRABAJADORES SEGÚN SEXO, POR TAMAÑO DE LA EMPRESA, ACTIVIDAD ECONÓMICA Y COMUNIDAD AUTÓNOMA",COMUNIDAD AUTÓNOMA,Aragón,8889,231187,148760,82427,64.3,35.7
2020,EAL-C1,"EMPRESAS Y TRABAJADORES SEGÚN SEXO, POR TAMAÑO DE LA EMPRESA, ACTIVIDAD ECONÓMICA Y COMUNIDAD AUTÓNOMA",COMUNIDAD AUTÓNOMA,Asturias (Principado de),5628,132347,84329,48018,63.7,36.3
2020,EAL-C1,"EMPRESAS Y TRABAJADORES SEGÚN SEXO, POR TAMAÑO DE LA EMPRESA, ACTIVIDAD ECONÓMICA Y COMUNIDAD AUTÓNOMA",COMUNIDAD AUTÓNOMA,Balears (Illes),9703,207300,122944,84356,59.3,40.7
2020,EAL-C1,"EMPRESAS Y TRABAJADORES SEGÚN SEXO, POR TAMAÑO DE LA EMPRESA, ACTIVIDAD ECONÓMICA Y COMUNIDAD AUTÓNOMA",COMUNIDAD AUTÓNOMA,Canarias,14899,319009,186242,132767,58.4,41.6
2020,EAL-C1,"EMPRESAS Y TRABAJADORES SEGÚN SEXO, POR TAMAÑO DE LA EMPRESA, ACTIVIDAD ECONÓMICA Y COMUNIDAD AUTÓNOMA",COMUNIDAD AUTÓNOMA,Cantabria,3552,79033,49939,29094,63.2,36.8
2020,EAL-C1,"EMPRESAS Y TRABAJADORES SEGÚN SEXO, POR TAMAÑO DE LA EMPRESA, ACTIVIDAD ECONÓMICA Y COMUNIDAD AUTÓNOMA",COMUNIDAD AUTÓNOMA,Castilla-La Mancha,11282,220355,151493,68862,68.7,31.3
2020,EAL-C1,"EMPRESAS Y TRABAJADORES SEGÚN SEXO, POR TAMAÑO DE LA EMPRESA, ACTIVIDAD ECONÓMICA Y COMUNIDAD AUTÓNOMA",COMUNIDAD AUTÓNOMA,Castilla y León,13569,302494,186031,116463,61.5,38.5
2020,EAL-C1,"EMPRESAS Y TRABAJADORES SEGÚN SEXO, POR TAMAÑO DE LA EMPRESA, ACTIVIDAD ECONÓMICA Y COMUNIDAD AUTÓNOMA",COMUNIDAD AUTÓNOMA,Cataluña,59461,1811917,1030026,781891,56.8,43.2
2020,EAL-C1,"EMPRESAS Y TRABAJADORES SEGÚN SEXO, POR TAMAÑO DE LA EMPRESA, ACTIVIDAD ECONÓMICA Y COMUNIDAD AUTÓNOMA",COMUNIDAD AUTÓNOMA,Comunitat Valenciana,34678,890796,523644,367152,58.8,41.2
2020,EAL-C1,"EMPRESAS Y TRABAJADORES SEGÚN SEXO, POR TAMAÑO DE LA EMPRESA, ACTIVIDAD ECONÓMICA Y COMUNIDAD AUTÓNOMA",COMUNIDAD AUTÓNOMA,Extremadura,5224,91169,58133,33036,63.8,36.2
2020,EAL-C1,"EMPRESAS Y TRABAJADORES SEGÚN SEXO, POR TAMAÑO DE LA EMPRESA, ACTIVIDAD ECONÓMICA Y COMUNIDAD AUTÓNOMA",COMUNIDAD AUTÓNOMA,Galicia,16836,403976,228805,175171,56.6,43.4
2020,EAL-C1,"EMPRESAS Y TRABAJADORES SEGÚN SEXO, POR TAMAÑO DE LA EMPRESA, ACTIVIDAD ECONÓMICA Y COMUNIDAD AUTÓNOMA",COMUNIDAD AUTÓNOMA,Madrid (Comunidad de),46884,2520820,1434847,1085973,56.9,43.1
2020,EAL-C1,"EMPRESAS Y TRABAJADORES SEGÚN SEXO, POR TAMAÑO DE LA EMPRESA, ACTIVIDAD ECONÓMICA Y COMUNIDAD AUTÓNOMA",COMUNIDAD AUTÓNOMA,Murcia (Región de),9953,224376,144524,79852,64.4,35.6
2020,EAL-C1,"EMPRESAS Y TRABAJADORES SEGÚN SEXO, POR TAMAÑO DE LA EMPRESA, ACTIVIDAD ECONÓMICA Y COMUNIDAD AUTÓNOMA",COMUNIDAD AUTÓNOMA,Navarra (Comunidad Foral de),4306,129194,85270,43924,66,34
2020,EAL-C1,"EMPRESAS Y TRABAJADORES SEGÚN SEXO, POR TAMAÑO DE LA EMPRESA, ACTIVIDAD ECONÓMICA Y COMUNIDAD AUTÓNOMA",COMUNIDAD AUTÓNOMA,País Vasco,15449,470081,300978,169103,64,36
2020,EAL-C1,"EMPRESAS Y TRABAJADORES SEGÚN SEXO, POR TAMAÑO DE LA EMPRESA, ACTIVIDAD ECONÓMICA Y COMUNIDAD AUTÓNOMA",COMUNIDAD AUTÓNOMA,"Rioja, La",2307,46749,29832,16917,63.8,36.2
2021,EAL-C1,"EMPRESAS Y TRABAJADORES SEGÚN SEXO, POR TAMAÑO DE LA EMPRESA, ACTIVIDAD ECONÓMICA Y COMUNIDAD AUTÓNOMA",TOTAL,ENCUESTA ANUAL LABORAL TOTAL,317952,9250630,5510116,3740514,59.6,40.4
2021,EAL-C1,"EMPRESAS Y TRABAJADORES SEGÚN SEXO, POR TAMAÑO DE LA EMPRESA, ACTIVIDAD ECONÓMICA Y COMUNIDAD AUTÓNOMA",TAMAÑO DE LA EMPRESA,De 5 a 9 trabajadores,165887,1073494,632097,441397,58.9,41.1
2021,EAL-C1,"EMPRESAS Y TRABAJADORES SEGÚN SEXO, POR TAMAÑO DE LA EMPRESA, ACTIVIDAD ECONÓMICA Y COMUNIDAD AUTÓNOMA",TAMAÑO DE LA EMPRESA,De 10 a 49 trabajadores,129282,2499098,1628931,870167,65.2,34.8
2021,EAL-C1,"EMPRESAS Y TRABAJADORES SEGÚN SEXO, POR TAMAÑO DE LA EMPRESA, ACTIVIDAD ECONÓMICA Y COMUNIDAD AUTÓNOMA",TAMAÑO DE LA EMPRESA,De 50 a 249 trabajadores,19066,1878181,1202512,675669,64,36
2021,EAL-C1,"EMPRESAS Y TRABAJADORES SEGÚN SEXO, POR TAMAÑO DE LA EMPRESA, ACTIVIDAD ECONÓMICA Y COMUNIDAD AUTÓNOMA",TAMAÑO DE LA EMPRESA,De 250 a 499 trabajadores,2070,709052,421376,287676,59.4,40.6
2021,EAL-C1,"EMPRESAS Y TRABAJADORES SEGÚN SEXO, POR TAMAÑO DE LA EMPRESA, ACTIVIDAD ECONÓMICA Y COMUNIDAD AUTÓNOMA",TAMAÑO DE LA EMPRESA,Más de 499 trabajadores,1647,3090805,1625200,1465605,52.6,47.4
2021,EAL-C1,"EMPRESAS Y TRABAJADORES SEGÚN SEXO, POR TAMAÑO DE LA EMPRESA, ACTIVIDAD ECONÓMICA Y COMUNIDAD AUTÓNOMA",ACTIVIDAD ECONÓMICA,Industria,50970,1934769,1422610,512159,73.5,26.5
2021,EAL-C1,"EMPRESAS Y TRABAJADORES SEGÚN SEXO, POR TAMAÑO DE LA EMPRESA, ACTIVIDAD ECONÓMICA Y COMUNIDAD AUTÓNOMA",ACTIVIDAD ECONÓMICA,Construcción,40319,702387,622964,79423,88.7,11.3
2021,EAL-C1,"EMPRESAS Y TRABAJADORES SEGÚN SEXO, POR TAMAÑO DE LA EMPRESA, ACTIVIDAD ECONÓMICA Y COMUNIDAD AUTÓNOMA",ACTIVIDAD ECONÓMICA,Comercio y reparación de vehículos,75845,1975778,995688,980090,50.4,49.6
2021,EAL-C1,"EMPRESAS Y TRABAJADORES SEGÚN SEXO, POR TAMAÑO DE LA EMPRESA, ACTIVIDAD ECONÓMICA Y COMUNIDAD AUTÓNOMA",ACTIVIDAD ECONÓMICA,Transporte y almacenamiento,18797,631712,480036,151676,76,24
2021,EAL-C1,"EMPRESAS Y TRABAJADORES SEGÚN SEXO, POR TAMAÑO DE LA EMPRESA, ACTIVIDAD ECONÓMICA Y COMUNIDAD AUTÓNOMA",ACTIVIDAD ECONÓMICA,Hostelería,55600,915848,432385,483463,47.2,52.8
2021,EAL-C1,"EMPRESAS Y TRABAJADORES SEGÚN SEXO, POR TAMAÑO DE LA EMPRESA, ACTIVIDAD ECONÓMICA Y COMUNIDAD AUTÓNOMA",ACTIVIDAD ECONÓMICA,"Información, comunicaciones, actividades financieras, de seguros e inmobiliarias",15802,815412,472789,342623,58,42
2021,EAL-C1,"EMPRESAS Y TRABAJADORES SEGÚN SEXO, POR TAMAÑO DE LA EMPRESA, ACTIVIDAD ECONÓMICA Y COMUNIDAD AUTÓNOMA",ACTIVIDAD ECONÓMICA,"Actividades profesionales, científicas y técnicas",24377,613787,301960,311827,49.2,50.8
2021,EAL-C1,"EMPRESAS Y TRABAJADORES SEGÚN SEXO, POR TAMAÑO DE LA EMPRESA, ACTIVIDAD ECONÓMICA Y COMUNIDAD AUTÓNOMA",ACTIVIDAD ECONÓMICA,Actividades administrativas y servicios auxiliares,17548,1299625,602494,697131,46.4,53.6
2021,EAL-C1,"EMPRESAS Y TRABAJADORES SEGÚN SEXO, POR TAMAÑO DE LA EMPRESA, ACTIVIDAD ECONÓMICA Y COMUNIDAD AUTÓNOMA",ACTIVIDAD ECONÓMICA,"Actividades artísticas, recreativas y de entretenimiento y otros servicios",18694,361312,179190,182122,49.6,50.4
2021,EAL-C1,"EMPRESAS Y TRABAJADORES SEGÚN SEXO, POR TAMAÑO DE LA EMPRESA, ACTIVIDAD ECONÓMICA Y COMUNIDAD AUTÓNOMA",COMUNIDAD AUTÓNOMA,Andalucía,48503,939834,604321,335513,64.3,35.7
2021,EAL-C1,"EMPRESAS Y TRABAJADORES SEGÚN SEXO, POR TAMAÑO DE LA EMPRESA, ACTIVIDAD ECONÓMICA Y COMUNIDAD AUTÓNOMA",COMUNIDAD AUTÓNOMA,Aragón,9063,229987,149670,80317,65.1,34.9
2021,EAL-C1,"EMPRESAS Y TRABAJADORES SEGÚN SEXO, POR TAMAÑO DE LA EMPRESA, ACTIVIDAD ECONÓMICA Y COMUNIDAD AUTÓNOMA",COMUNIDAD AUTÓNOMA,Asturias (Principado de),5770,134210,85667,48543,63.8,36.2
2021,EAL-C1,"EMPRESAS Y TRABAJADORES SEGÚN SEXO, POR TAMAÑO DE LA EMPRESA, ACTIVIDAD ECONÓMICA Y COMUNIDAD AUTÓNOMA",COMUNIDAD AUTÓNOMA,Balears (Illes),10896,219408,130021,89387,59.3,40.7
2021,EAL-C1,"EMPRESAS Y TRABAJADORES SEGÚN SEXO, POR TAMAÑO DE LA EMPRESA, ACTIVIDAD ECONÓMICA Y COMUNIDAD AUTÓNOMA",COMUNIDAD AUTÓNOMA,Canarias,14744,316360,185201,131159,58.5,41.5
2021,EAL-C1,"EMPRESAS Y TRABAJADORES SEGÚN SEXO, POR TAMAÑO DE LA EMPRESA, ACTIVIDAD ECONÓMICA Y COMUNIDAD AUTÓNOMA",COMUNIDAD AUTÓNOMA,Cantabria,3692,82856,51821,31035,62.5,37.5
2021,EAL-C1,"EMPRESAS Y TRABAJADORES SEGÚN SEXO, POR TAMAÑO DE LA EMPRESA, ACTIVIDAD ECONÓMICA Y COMUNIDAD AUTÓNOMA",COMUNIDAD AUTÓNOMA,Castilla-La Mancha,11771,233716,160631,73085,68.7,31.3
2021,EAL-C1,"EMPRESAS Y TRABAJADORES SEGÚN SEXO, POR TAMAÑO DE LA EMPRESA, ACTIVIDAD ECONÓMICA Y COMUNIDAD AUTÓNOMA",COMUNIDAD AUTÓNOMA,Castilla y León,13870,303486,187455,116031,61.8,38.2
2021,EAL-C1,"EMPRESAS Y TRABAJADORES SEGÚN SEXO, POR TAMAÑO DE LA EMPRESA, ACTIVIDAD ECONÓMICA Y COMUNIDAD AUTÓNOMA",COMUNIDAD AUTÓNOMA,Cataluña,60815,1869262,1061082,808180,56.8,43.2
2021,EAL-C1,"EMPRESAS Y TRABAJADORES SEGÚN SEXO, POR TAMAÑO DE LA EMPRESA, ACTIVIDAD ECONÓMICA Y COMUNIDAD AUTÓNOMA",COMUNIDAD AUTÓNOMA,Comunitat Valenciana,35601,934632,548916,385716,58.7,41.3
2021,EAL-C1,"EMPRESAS Y TRABAJADORES SEGÚN SEXO, POR TAMAÑO DE LA EMPRESA, ACTIVIDAD ECONÓMICA Y COMUNIDAD AUTÓNOMA",COMUNIDAD AUTÓNOMA,Extremadura,5443,98093,62823,35270,64,36
2021,EAL-C1,"EMPRESAS Y TRABAJADORES SEGÚN SEXO, POR TAMAÑO DE LA EMPRESA, ACTIVIDAD ECONÓMICA Y COMUNIDAD AUTÓNOMA",COMUNIDAD AUTÓNOMA,Galicia,17296,420679,238128,182551,56.6,43.4
2021,EAL-C1,"EMPRESAS Y TRABAJADORES SEGÚN SEXO, POR TAMAÑO DE LA EMPRESA, ACTIVIDAD ECONÓMICA Y COMUNIDAD AUTÓNOMA",COMUNIDAD AUTÓNOMA,Madrid (Comunidad de),47859,2577275,1469096,1108179,57,43
2021,EAL-C1,"EMPRESAS Y TRABAJADORES SEGÚN SEXO, POR TAMAÑO DE LA EMPRESA, ACTIVIDAD ECONÓMICA Y COMUNIDAD AUTÓNOMA",COMUNIDAD AUTÓNOMA,Murcia (Región de),10341,233520,150133,83387,64.3,35.7
2021,EAL-C1,"EMPRESAS Y TRABAJADORES SEGÚN SEXO, POR TAMAÑO DE LA EMPRESA, ACTIVIDAD ECONÓMICA Y COMUNIDAD AUTÓNOMA",COMUNIDAD AUTÓNOMA,Navarra (Comunidad Foral de),4465,133582,87945,45637,65.8,34.2
2021,EAL-C1,"EMPRESAS Y TRABAJADORES SEGÚN SEXO, POR TAMAÑO DE LA EMPRESA, ACTIVIDAD ECONÓMICA Y COMUNIDAD AUTÓNOMA",COMUNIDAD AUTÓNOMA,País Vasco,15478,475418,306334,169084,64.4,35.6
2021,EAL-C1,"EMPRESAS Y TRABAJADORES SEGÚN SEXO, POR TAMAÑO DE LA EMPRESA, ACTIVIDAD ECONÓMICA Y COMUNIDAD AUTÓNOMA",COMUNIDAD AUTÓNOMA,"Rioja, La",2345,48312,30872,17440,63.9,36.1
2022,EAL-C1,"EMPRESAS Y TRABAJADORES SEGÚN SEXO, POR TAMAÑO DE LA EMPRESA, ACTIVIDAD ECONÓMICA Y COMUNIDAD AUTÓNOMA",TOTAL,ENCUESTA ANUAL LABORAL TOTAL,334703,9874756,5833500,4041256,59.1,40.9
2022,EAL-C1,"EMPRESAS Y TRABAJADORES SEGÚN SEXO, POR TAMAÑO DE LA EMPRESA, ACTIVIDAD ECONÓMICA Y COMUNIDAD AUTÓNOMA",TAMAÑO DE LA EMPRESA,De 5 a 9 trabajadores,171906,1114030,648375,465655,58.2,41.8
2022,EAL-C1,"EMPRESAS Y TRABAJADORES SEGÚN SEXO, POR TAMAÑO DE LA EMPRESA, ACTIVIDAD ECONÓMICA Y COMUNIDAD AUTÓNOMA",TAMAÑO DE LA EMPRESA,De 10 a 49 trabajadores,138250,2695614,1735966,959648,64.4,35.6
2022,EAL-C1,"EMPRESAS Y TRABAJADORES SEGÚN SEXO, POR TAMAÑO DE LA EMPRESA, ACTIVIDAD ECONÓMICA Y COMUNIDAD AUTÓNOMA",TAMAÑO DE LA EMPRESA,De 50 a 249 trabajadores,20534,2034616,1289742,744874,63.4,36.6
2022,EAL-C1,"EMPRESAS Y TRABAJADORES SEGÚN SEXO, POR TAMAÑO DE LA EMPRESA, ACTIVIDAD ECONÓMICA Y COMUNIDAD AUTÓNOMA",TAMAÑO DE LA EMPRESA,De 250 a 499 trabajadores,2213,758462,447351,311111,59,41
2022,EAL-C1,"EMPRESAS Y TRABAJADORES SEGÚN SEXO, POR TAMAÑO DE LA EMPRESA, ACTIVIDAD ECONÓMICA Y COMUNIDAD AUTÓNOMA",TAMAÑO DE LA EMPRESA,Más de 499 trabajadores,1800,3272034,1712066,1559968,52.3,47.7
2022,EAL-C1,"EMPRESAS Y TRABAJADORES SEGÚN SEXO, POR TAMAÑO DE LA EMPRESA, ACTIVIDAD ECONÓMICA Y COMUNIDAD AUTÓNOMA",ACTIVIDAD ECONÓMICA,Industria,52003,1994713,1455622,539091,73,27
2022,EAL-C1,"EMPRESAS Y TRABAJADORES SEGÚN SEXO, POR TAMAÑO DE LA EMPRESA, ACTIVIDAD ECONÓMICA Y COMUNIDAD AUTÓNOMA",ACTIVIDAD ECONÓMICA,Construcción,42627,741950,657548,84402,88.6,11.4
2022,EAL-C1,"EMPRESAS Y TRABAJADORES SEGÚN SEXO, POR TAMAÑO DE LA EMPRESA, ACTIVIDAD ECONÓMICA Y COMUNIDAD AUTÓNOMA",ACTIVIDAD ECONÓMICA,Comercio y reparación de vehículos,78417,2063597,1033181,1030416,50.1,49.9
2022,EAL-C1,"EMPRESAS Y TRABAJADORES SEGÚN SEXO, POR TAMAÑO DE LA EMPRESA, ACTIVIDAD ECONÓMICA Y COMUNIDAD AUTÓNOMA",ACTIVIDAD ECONÓMICA,Transporte y almacenamiento,19308,684706,516465,168241,75.4,24.6
2022,EAL-C1,"EMPRESAS Y TRABAJADORES SEGÚN SEXO, POR TAMAÑO DE LA EMPRESA, ACTIVIDAD ECONÓMICA Y COMUNIDAD AUTÓNOMA",ACTIVIDAD ECONÓMICA,Hostelería,59671,1072798,498284,574514,46.4,53.6
2022,EAL-C1,"EMPRESAS Y TRABAJADORES SEGÚN SEXO, POR TAMAÑO DE LA EMPRESA, ACTIVIDAD ECONÓMICA Y COMUNIDAD AUTÓNOMA",ACTIVIDAD ECONÓMICA,"Información, comunicaciones, actividades financieras, de seguros e inmobiliarias",16991,874806,508691,366115,58.1,41.9
2022,EAL-C1,"EMPRESAS Y TRABAJADORES SEGÚN SEXO, POR TAMAÑO DE LA EMPRESA, ACTIVIDAD ECONÓMICA Y COMUNIDAD AUTÓNOMA",ACTIVIDAD ECONÓMICA,"Actividades profesionales, científicas y técnicas",25982,670695,329510,341185,49.1,50.9
2022,EAL-C1,"EMPRESAS Y TRABAJADORES SEGÚN SEXO, POR TAMAÑO DE LA EMPRESA, ACTIVIDAD ECONÓMICA Y COMUNIDAD AUTÓNOMA",ACTIVIDAD ECONÓMICA,Actividades administrativas y servicios auxiliares,18647,1360227,631534,728693,46.4,53.6
2022,EAL-C1,"EMPRESAS Y TRABAJADORES SEGÚN SEXO, POR TAMAÑO DE LA EMPRESA, ACTIVIDAD ECONÓMICA Y COMUNIDAD AUTÓNOMA",ACTIVIDAD ECONÓMICA,"Actividades artísticas, recreativas y de entretenimiento y otros servicios",21057,411264,202665,208599,49.3,50.7
2022,EAL-C1,"EMPRESAS Y TRABAJADORES SEGÚN SEXO, POR TAMAÑO DE LA EMPRESA, ACTIVIDAD ECONÓMICA Y COMUNIDAD AUTÓNOMA",COMUNIDAD AUTÓNOMA,Andalucía,51772,1029346,650800,378546,63.2,36.8
2022,EAL-C1,"EMPRESAS Y TRABAJADORES SEGÚN SEXO, POR TAMAÑO DE LA EMPRESA, ACTIVIDAD ECONÓMICA Y COMUNIDAD AUTÓNOMA",COMUNIDAD AUTÓNOMA,Aragón,9507,243137,157232,85905,64.7,35.3
2022,EAL-C1,"EMPRESAS Y TRABAJADORES SEGÚN SEXO, POR TAMAÑO DE LA EMPRESA, ACTIVIDAD ECONÓMICA Y COMUNIDAD AUTÓNOMA",COMUNIDAD AUTÓNOMA,Asturias (Principado de),6004,139970,88781,51189,63.4,36.6
2022,EAL-C1,"EMPRESAS Y TRABAJADORES SEGÚN SEXO, POR TAMAÑO DE LA EMPRESA, ACTIVIDAD ECONÓMICA Y COMUNIDAD AUTÓNOMA",COMUNIDAD AUTÓNOMA,Balears (Illes),10489,246888,143629,103259,58.2,41.8
2022,EAL-C1,"EMPRESAS Y TRABAJADORES SEGÚN SEXO, POR TAMAÑO DE LA EMPRESA, ACTIVIDAD ECONÓMICA Y COMUNIDAD AUTÓNOMA",COMUNIDAD AUTÓNOMA,Canarias,16018,355581,205528,150053,57.8,42.2
2022,EAL-C1,"EMPRESAS Y TRABAJADORES SEGÚN SEXO, POR TAMAÑO DE LA EMPRESA, ACTIVIDAD ECONÓMICA Y COMUNIDAD AUTÓNOMA",COMUNIDAD AUTÓNOMA,Cantabria,3798,86336,53546,32790,62,38
2022,EAL-C1,"EMPRESAS Y TRABAJADORES SEGÚN SEXO, POR TAMAÑO DE LA EMPRESA, ACTIVIDAD ECONÓMICA Y COMUNIDAD AUTÓNOMA",COMUNIDAD AUTÓNOMA,Castilla-La Mancha,12481,249585,168697,80888,67.6,32.4
2022,EAL-C1,"EMPRESAS Y TRABAJADORES SEGÚN SEXO, POR TAMAÑO DE LA EMPRESA, ACTIVIDAD ECONÓMICA Y COMUNIDAD AUTÓNOMA",COMUNIDAD AUTÓNOMA,Castilla y León,14629,318440,193780,124660,60.9,39.1
2022,EAL-C1,"EMPRESAS Y TRABAJADORES SEGÚN SEXO, POR TAMAÑO DE LA EMPRESA, ACTIVIDAD ECONÓMICA Y COMUNIDAD AUTÓNOMA",COMUNIDAD AUTÓNOMA,Cataluña,63638,1992545,1124336,868209,56.4,43.6
2022,EAL-C1,"EMPRESAS Y TRABAJADORES SEGÚN SEXO, POR TAMAÑO DE LA EMPRESA, ACTIVIDAD ECONÓMICA Y COMUNIDAD AUTÓNOMA",COMUNIDAD AUTÓNOMA,Comunitat Valenciana,37786,1004077,586319,417758,58.4,41.6
2022,EAL-C1,"EMPRESAS Y TRABAJADORES SEGÚN SEXO, POR TAMAÑO DE LA EMPRESA, ACTIVIDAD ECONÓMICA Y COMUNIDAD AUTÓNOMA",COMUNIDAD AUTÓNOMA,Extremadura,5716,105304,66526,38778,63.2,36.8
2022,EAL-C1,"EMPRESAS Y TRABAJADORES SEGÚN SEXO, POR TAMAÑO DE LA EMPRESA, ACTIVIDAD ECONÓMICA Y COMUNIDAD AUTÓNOMA",COMUNIDAD AUTÓNOMA,Galicia,18071,436867,243494,193373,55.7,44.3
2022,EAL-C1,"EMPRESAS Y TRABAJADORES SEGÚN SEXO, POR TAMAÑO DE LA EMPRESA, ACTIVIDAD ECONÓMICA Y COMUNIDAD AUTÓNOMA",COMUNIDAD AUTÓNOMA,Madrid (Comunidad de),50740,2735417,1553099,1182318,56.8,43.2
2022,EAL-C1,"EMPRESAS Y TRABAJADORES SEGÚN SEXO, POR TAMAÑO DE LA EMPRESA, ACTIVIDAD ECONÓMICA Y COMUNIDAD AUTÓNOMA",COMUNIDAD AUTÓNOMA,Murcia (Región de),10865,252157,160167,91990,63.5,36.5
2022,EAL-C1,"EMPRESAS Y TRABAJADORES SEGÚN SEXO, POR TAMAÑO DE LA EMPRESA, ACTIVIDAD ECONÓMICA Y COMUNIDAD AUTÓNOMA",COMUNIDAD AUTÓNOMA,Navarra (Comunidad Foral de),4636,140080,91713,48367,65.5,34.5
2022,EAL-C1,"EMPRESAS Y TRABAJADORES SEGÚN SEXO, POR TAMAÑO DE LA EMPRESA, ACTIVIDAD ECONÓMICA Y COMUNIDAD AUTÓNOMA",COMUNIDAD AUTÓNOMA,País Vasco,16087,487729,313317,174412,64.2,35.8
2022,EAL-C1,"EMPRESAS Y TRABAJADORES SEGÚN SEXO, POR TAMAÑO DE LA EMPRESA, ACTIVIDAD ECONÓMICA Y COMUNIDAD AUTÓNOMA",COMUNIDAD AUTÓNOMA,"Rioja, La",2466,51297,32536,18761,63.4,36.6
2023,EAL-C1,"EMPRESAS Y TRABAJADORES SEGÚN SEXO, POR TAMAÑO DE LA EMPRESA, ACTIVIDAD ECONÓMICA Y COMUNIDAD AUTÓNOMA",TOTAL,ENCUESTA ANUAL LABORAL TOTAL,347044,10559679,6177558,4382121,58.5,41.5
2023,EAL-C1,"EMPRESAS Y TRABAJADORES SEGÚN SEXO, POR TAMAÑO DE LA EMPRESA, ACTIVIDAD ECONÓMICA Y COMUNIDAD AUTÓNOMA",TAMAÑO DE LA EMPRESA,De 5 a 9 trabajadores,176041,1142502,659462,483040,57.7,42.3
2023,EAL-C1,"EMPRESAS Y TRABAJADORES SEGÚN SEXO, POR TAMAÑO DE LA EMPRESA, ACTIVIDAD ECONÓMICA Y COMUNIDAD AUTÓNOMA",TAMAÑO DE LA EMPRESA,De 10 a 49 trabajadores,144840,2840761,1815606,1025155,63.9,36.1
2023,EAL-C1,"EMPRESAS Y TRABAJADORES SEGÚN SEXO, POR TAMAÑO DE LA EMPRESA, ACTIVIDAD ECONÓMICA Y COMUNIDAD AUTÓNOMA",TAMAÑO DE LA EMPRESA,De 50 a 249 trabajadores,21700,2167053,1361685,805368,62.8,37.2
2023,EAL-C1,"EMPRESAS Y TRABAJADORES SEGÚN SEXO, POR TAMAÑO DE LA EMPRESA, ACTIVIDAD ECONÓMICA Y COMUNIDAD AUTÓNOMA",TAMAÑO DE LA EMPRESA,De 250 a 499 trabajadores,2491,856636,494118,362518,57.7,42.3
2023,EAL-C1,"EMPRESAS Y TRABAJADORES SEGÚN SEXO, POR TAMAÑO DE LA EMPRESA, ACTIVIDAD ECONÓMICA Y COMUNIDAD AUTÓNOMA",TAMAÑO DE LA EMPRESA,Más de 499 trabajadores,1972,3552727,1846687,1706040,52,48
2023,EAL-C1,"EMPRESAS Y TRABAJADORES SEGÚN SEXO, POR TAMAÑO DE LA EMPRESA, ACTIVIDAD ECONÓMICA Y COMUNIDAD AUTÓNOMA",ACTIVIDAD ECONÓMICA,Industria,53139,2209595,1541640,667955,69.8,30.2
2023,EAL-C1,"EMPRESAS Y TRABAJADORES SEGÚN SEXO, POR TAMAÑO DE LA EMPRESA, ACTIVIDAD ECONÓMICA Y COMUNIDAD AUTÓNOMA",ACTIVIDAD ECONÓMICA,Construcción,44603,898194,734913,163281,81.8,18.2
2023,EAL-C1,"EMPRESAS Y TRABAJADORES SEGÚN SEXO, POR TAMAÑO DE LA EMPRESA, ACTIVIDAD ECONÓMICA Y COMUNIDAD AUTÓNOMA",ACTIVIDAD ECONÓMICA,Comercio y reparación de vehículos,81250,2177187,1102188,1074999,50.6,49.4
2023,EAL-C1,"EMPRESAS Y TRABAJADORES SEGÚN SEXO, POR TAMAÑO DE LA EMPRESA, ACTIVIDAD ECONÓMICA Y COMUNIDAD AUTÓNOMA",ACTIVIDAD ECONÓMICA,Transporte y almacenamiento,19688,705384,533461,171923,75.6,24.4
2023,EAL-C1,"EMPRESAS Y TRABAJADORES SEGÚN SEXO, POR TAMAÑO DE LA EMPRESA, ACTIVIDAD ECONÓMICA Y COMUNIDAD AUTÓNOMA",ACTIVIDAD ECONÓMICA,Hostelería,62597,1164613,533407,631206,45.8,54.2
2023,EAL-C1,"EMPRESAS Y TRABAJADORES SEGÚN SEXO, POR TAMAÑO DE LA EMPRESA, ACTIVIDAD ECONÓMICA Y COMUNIDAD AUTÓNOMA",ACTIVIDAD ECONÓMICA,"Información, comunicaciones, actividades financieras, de seguros e inmobiliarias",18200,934699,537999,396700,57.6,42.4
2023,EAL-C1,"EMPRESAS Y TRABAJADORES SEGÚN SEXO, POR TAMAÑO DE LA EMPRESA, ACTIVIDAD ECONÓMICA Y COMUNIDAD AUTÓNOMA",ACTIVIDAD ECONÓMICA,"Actividades profesionales, científicas y técnicas",26843,719123,353808,365315,49.2,50.8
2023,EAL-C1,"EMPRESAS Y TRABAJADORES SEGÚN SEXO, POR TAMAÑO DE LA EMPRESA, ACTIVIDAD ECONÓMICA Y COMUNIDAD AUTÓNOMA",ACTIVIDAD ECONÓMICA,Actividades administrativas y servicios auxiliares,19242,1238450,589298,649152,47.6,52.4
2023,EAL-C1,"EMPRESAS Y TRABAJADORES SEGÚN SEXO, POR TAMAÑO DE LA EMPRESA, ACTIVIDAD ECONÓMICA Y COMUNIDAD AUTÓNOMA",ACTIVIDAD ECONÓMICA,"Actividades artísticas, recreativas y de entretenimiento y otros servicios",21482,512434,250844,261590,49,51
2023,EAL-C1,"EMPRESAS Y TRABAJADORES SEGÚN SEXO, POR TAMAÑO DE LA EMPRESA, ACTIVIDAD ECONÓMICA Y COMUNIDAD AUTÓNOMA",COMUNIDAD AUTÓNOMA,Andalucía,54560,1146136,707580,438556,61.7,38.3
2023,EAL-C1,"EMPRESAS Y TRABAJADORES SEGÚN SEXO, POR TAMAÑO DE LA EMPRESA, ACTIVIDAD ECONÓMICA Y COMUNIDAD AUTÓNOMA",COMUNIDAD AUTÓNOMA,Aragón,9821,266871,171124,95747,64.1,35.9
2023,EAL-C1,"EMPRESAS Y TRABAJADORES SEGÚN SEXO, POR TAMAÑO DE LA EMPRESA, ACTIVIDAD ECONÓMICA Y COMUNIDAD AUTÓNOMA",COMUNIDAD AUTÓNOMA,Asturias (Principado de),6173,150009,92679,57330,61.8,38.2
2023,EAL-C1,"EMPRESAS Y TRABAJADORES SEGÚN SEXO, POR TAMAÑO DE LA EMPRESA, ACTIVIDAD ECONÓMICA Y COMUNIDAD AUTÓNOMA",COMUNIDAD AUTÓNOMA,Balears (Illes),11083,269788,154807,114981,57.4,42.6
2023,EAL-C1,"EMPRESAS Y TRABAJADORES SEGÚN SEXO, POR TAMAÑO DE LA EMPRESA, ACTIVIDAD ECONÓMICA Y COMUNIDAD AUTÓNOMA",COMUNIDAD AUTÓNOMA,Canarias,16873,389404,222858,166546,57.2,42.8
2023,EAL-C1,"EMPRESAS Y TRABAJADORES SEGÚN SEXO, POR TAMAÑO DE LA EMPRESA, ACTIVIDAD ECONÓMICA Y COMUNIDAD AUTÓNOMA",COMUNIDAD AUTÓNOMA,Cantabria,3898,88240,54045,34195,61.2,38.8
2023,EAL-C1,"EMPRESAS Y TRABAJADORES SEGÚN SEXO, POR TAMAÑO DE LA EMPRESA, ACTIVIDAD ECONÓMICA Y COMUNIDAD AUTÓNOMA",COMUNIDAD AUTÓNOMA,Castilla-La Mancha,12859,265530,177923,87607,67,33
2023,EAL-C1,"EMPRESAS Y TRABAJADORES SEGÚN SEXO, POR TAMAÑO DE LA EMPRESA, ACTIVIDAD ECONÓMICA Y COMUNIDAD AUTÓNOMA",COMUNIDAD AUTÓNOMA,Castilla y León,15060,335390,201231,134159,60,40
2023,EAL-C1,"EMPRESAS Y TRABAJADORES SEGÚN SEXO, POR TAMAÑO DE LA EMPRESA, ACTIVIDAD ECONÓMICA Y COMUNIDAD AUTÓNOMA",COMUNIDAD AUTÓNOMA,Cataluña,65106,2098309,1176722,921587,56.1,43.9
2023,EAL-C1,"EMPRESAS Y TRABAJADORES SEGÚN SEXO, POR TAMAÑO DE LA EMPRESA, ACTIVIDAD ECONÓMICA Y COMUNIDAD AUTÓNOMA",COMUNIDAD AUTÓNOMA,Comunitat Valenciana,39322,1058444,614990,443454,58.1,41.9
2023,EAL-C1,"EMPRESAS Y TRABAJADORES SEGÚN SEXO, POR TAMAÑO DE LA EMPRESA, ACTIVIDAD ECONÓMICA Y COMUNIDAD AUTÓNOMA",COMUNIDAD AUTÓNOMA,Extremadura,6014,116388,72748,43640,62.5,37.5
2023,EAL-C1,"EMPRESAS Y TRABAJADORES SEGÚN SEXO, POR TAMAÑO DE LA EMPRESA, ACTIVIDAD ECONÓMICA Y COMUNIDAD AUTÓNOMA",COMUNIDAD AUTÓNOMA,Galicia,18635,458925,252114,206811,54.9,45.1
2023,EAL-C1,"EMPRESAS Y TRABAJADORES SEGÚN SEXO, POR TAMAÑO DE LA EMPRESA, ACTIVIDAD ECONÓMICA Y COMUNIDAD AUTÓNOMA",COMUNIDAD AUTÓNOMA,Madrid (Comunidad de),52383,2913464,1641833,1271631,56.4,43.6
2023,EAL-C1,"EMPRESAS Y TRABAJADORES SEGÚN SEXO, POR TAMAÑO DE LA EMPRESA, ACTIVIDAD ECONÓMICA Y COMUNIDAD AUTÓNOMA",COMUNIDAD AUTÓNOMA,Murcia (Región de),11488,299917,186873,113044,62.3,37.7
2023,EAL-C1,"EMPRESAS Y TRABAJADORES SEGÚN SEXO, POR TAMAÑO DE LA EMPRESA, ACTIVIDAD ECONÓMICA Y COMUNIDAD AUTÓNOMA",COMUNIDAD AUTÓNOMA,Navarra (Comunidad Foral de),4755,145751,94616,51135,64.9,35.1
2023,EAL-C1,"EMPRESAS Y TRABAJADORES SEGÚN SEXO, POR TAMAÑO DE LA EMPRESA, ACTIVIDAD ECONÓMICA Y COMUNIDAD AUTÓNOMA",COMUNIDAD AUTÓNOMA,País Vasco,16492,503897,321996,181901,63.9,36.1
2023,EAL-C1,"EMPRESAS Y TRABAJADORES SEGÚN SEXO, POR TAMAÑO DE LA EMPRESA, ACTIVIDAD ECONÓMICA Y COMUNIDAD AUTÓNOMA",COMUNIDAD AUTÓNOMA,"Rioja, La",2522,53216,33419,19797,62.8,37.2
2024,EAL-C1,"EMPRESAS Y TRABAJADORES SEGÚN SEXO POR TAMAÑO DE LA EMPRESA, ACTIVIDAD ECONÓMICA Y COMUNIDAD AUTÓNOMA",TOTAL,ENCUESTA ANUAL LABORAL TOTAL,352936,10932782,6370693,4562089,58.3,41.7
2024,EAL-C1,"EMPRESAS Y TRABAJADORES SEGÚN SEXO POR TAMAÑO DE LA EMPRESA, ACTIVIDAD ECONÓMICA Y COMUNIDAD AUTÓNOMA",TAMAÑO DE LA EMPRESA,De 5 a 9 trabajadores,177523,1152611,659562,493049,57.2,42.8
2024,EAL-C1,"EMPRESAS Y TRABAJADORES SEGÚN SEXO POR TAMAÑO DE LA EMPRESA, ACTIVIDAD ECONÓMICA Y COMUNIDAD AUTÓNOMA",TAMAÑO DE LA EMPRESA,De 10 a 49 trabajadores,148531,2922930,1858509,1064421,63.6,36.4
2024,EAL-C1,"EMPRESAS Y TRABAJADORES SEGÚN SEXO POR TAMAÑO DE LA EMPRESA, ACTIVIDAD ECONÓMICA Y COMUNIDAD AUTÓNOMA",TAMAÑO DE LA EMPRESA,De 50 a 249 trabajadores,22211,2229934,1398770,831164,62.7,37.3
2024,EAL-C1,"EMPRESAS Y TRABAJADORES SEGÚN SEXO POR TAMAÑO DE LA EMPRESA, ACTIVIDAD ECONÓMICA Y COMUNIDAD AUTÓNOMA",TAMAÑO DE LA EMPRESA,De 250 a 499 trabajadores,2601,896026,518238,377788,57.8,42.2
2024,EAL-C1,"EMPRESAS Y TRABAJADORES SEGÚN SEXO POR TAMAÑO DE LA EMPRESA, ACTIVIDAD ECONÓMICA Y COMUNIDAD AUTÓNOMA",TAMAÑO DE LA EMPRESA,Más de 499 trabajadores,2070,3731281,1935614,1795667,51.9,48.1
2024,EAL-C1,"EMPRESAS Y TRABAJADORES SEGÚN SEXO POR TAMAÑO DE LA EMPRESA, ACTIVIDAD ECONÓMICA Y COMUNIDAD AUTÓNOMA",ACTIVIDAD ECONÓMICA,Industria,52920,2208897,1555762,653135,70.4,29.6
2024,EAL-C1,"EMPRESAS Y TRABAJADORES SEGÚN SEXO POR TAMAÑO DE LA EMPRESA, ACTIVIDAD ECONÓMICA Y COMUNIDAD AUTÓNOMA",ACTIVIDAD ECONÓMICA,Construcción,44962,923622,755620,168002,81.8,18.2
2024,EAL-C1,"EMPRESAS Y TRABAJADORES SEGÚN SEXO POR TAMAÑO DE LA EMPRESA, ACTIVIDAD ECONÓMICA Y COMUNIDAD AUTÓNOMA",ACTIVIDAD ECONÓMICA,Comercio y reparación de vehículos,81943,2243843,1129605,1114238,50.3,49.7
2024,EAL-C1,"EMPRESAS Y TRABAJADORES SEGÚN SEXO POR TAMAÑO DE LA EMPRESA, ACTIVIDAD ECONÓMICA Y COMUNIDAD AUTÓNOMA",ACTIVIDAD ECONÓMICA,Transporte y almacenamiento,19736,746918,561512,185406,75.2,24.8
2024,EAL-C1,"EMPRESAS Y TRABAJADORES SEGÚN SEXO POR TAMAÑO DE LA EMPRESA, ACTIVIDAD ECONÓMICA Y COMUNIDAD AUTÓNOMA",ACTIVIDAD ECONÓMICA,Hostelería,65382,1234682,561053,673629,45.4,54.6
2024,EAL-C1,"EMPRESAS Y TRABAJADORES SEGÚN SEXO POR TAMAÑO DE LA EMPRESA, ACTIVIDAD ECONÓMICA Y COMUNIDAD AUTÓNOMA",ACTIVIDAD ECONÓMICA,"Información, comunicaciones, actividades financieras, de seguros e inmobiliarias",18673,969344,558859,410485,57.7,42.3
2024,EAL-C1,"EMPRESAS Y TRABAJADORES SEGÚN SEXO POR TAMAÑO DE LA EMPRESA, ACTIVIDAD ECONÓMICA Y COMUNIDAD AUTÓNOMA",ACTIVIDAD ECONÓMICA,"Actividades profesionales, científicas y técnicas",27570,751802,369618,382184,49.2,50.8
2024,EAL-C1,"EMPRESAS Y TRABAJADORES SEGÚN SEXO POR TAMAÑO DE LA EMPRESA, ACTIVIDAD ECONÓMICA Y COMUNIDAD AUTÓNOMA",ACTIVIDAD ECONÓMICA,Actividades administrativas y servicios auxiliares,19702,1309813,612262,697551,46.7,53.3
2024,EAL-C1,"EMPRESAS Y TRABAJADORES SEGÚN SEXO POR TAMAÑO DE LA EMPRESA, ACTIVIDAD ECONÓMICA Y COMUNIDAD AUTÓNOMA",ACTIVIDAD ECONÓMICA,"Actividades artísticas, recreativas y de entretenimiento y otros servicios",22048,543861,266402,277459,49,51
2024,EAL-C1,"EMPRESAS Y TRABAJADORES SEGÚN SEXO POR TAMAÑO DE LA EMPRESA, ACTIVIDAD ECONÓMICA Y COMUNIDAD AUTÓNOMA",COMUNIDAD AUTÓNOMA,Andalucía,55767,1207857,730079,477778,60.4,39.6
2024,EAL-C1,"EMPRESAS Y TRABAJADORES SEGÚN SEXO POR TAMAÑO DE LA EMPRESA, ACTIVIDAD ECONÓMICA Y COMUNIDAD AUTÓNOMA",COMUNIDAD AUTÓNOMA,Aragón,9927,275939,176380,99559,63.9,36.1
2024,EAL-C1,"EMPRESAS Y TRABAJADORES SEGÚN SEXO POR TAMAÑO DE LA EMPRESA, ACTIVIDAD ECONÓMICA Y COMUNIDAD AUTÓNOMA",COMUNIDAD AUTÓNOMA,Asturias (Principado de),6344,155534,95234,60300,61.2,38.8
2024,EAL-C1,"EMPRESAS Y TRABAJADORES SEGÚN SEXO POR TAMAÑO DE LA EMPRESA, ACTIVIDAD ECONÓMICA Y COMUNIDAD AUTÓNOMA",COMUNIDAD AUTÓNOMA,Balears (Illes),11335,283192,161889,121303,57.2,42.8
2024,EAL-C1,"EMPRESAS Y TRABAJADORES SEGÚN SEXO POR TAMAÑO DE LA EMPRESA, ACTIVIDAD ECONÓMICA Y COMUNIDAD AUTÓNOMA",COMUNIDAD AUTÓNOMA,Canarias,17208,406943,231471,175472,56.9,43.1
2024,EAL-C1,"EMPRESAS Y TRABAJADORES SEGÚN SEXO POR TAMAÑO DE LA EMPRESA, ACTIVIDAD ECONÓMICA Y COMUNIDAD AUTÓNOMA",COMUNIDAD AUTÓNOMA,Cantabria,3955,90595,54892,35703,60.6,39.4
2024,EAL-C1,"EMPRESAS Y TRABAJADORES SEGÚN SEXO POR TAMAÑO DE LA EMPRESA, ACTIVIDAD ECONÓMICA Y COMUNIDAD AUTÓNOMA",COMUNIDAD AUTÓNOMA,Castilla-La Mancha,12965,275437,184065,91372,66.8,33.2
2024,EAL-C1,"EMPRESAS Y TRABAJADORES SEGÚN SEXO POR TAMAÑO DE LA EMPRESA, ACTIVIDAD ECONÓMICA Y COMUNIDAD AUTÓNOMA",COMUNIDAD AUTÓNOMA,Castilla y León,15319,349344,206922,142422,59.2,40.8
2024,EAL-C1,"EMPRESAS Y TRABAJADORES SEGÚN SEXO POR TAMAÑO DE LA EMPRESA, ACTIVIDAD ECONÓMICA Y COMUNIDAD AUTÓNOMA",COMUNIDAD AUTÓNOMA,Cataluña,65954,2173558,1215919,957639,55.9,44.1
2024,EAL-C1,"EMPRESAS Y TRABAJADORES SEGÚN SEXO POR TAMAÑO DE LA EMPRESA, ACTIVIDAD ECONÓMICA Y COMUNIDAD AUTÓNOMA",COMUNIDAD AUTÓNOMA,Comunitat Valenciana,39969,1094404,631742,462662,57.7,42.3
2024,EAL-C1,"EMPRESAS Y TRABAJADORES SEGÚN SEXO POR TAMAÑO DE LA EMPRESA, ACTIVIDAD ECONÓMICA Y COMUNIDAD AUTÓNOMA",COMUNIDAD AUTÓNOMA,Extremadura,6091,113688,73544,40144,64.7,35.3
2024,EAL-C1,"EMPRESAS Y TRABAJADORES SEGÚN SEXO POR TAMAÑO DE LA EMPRESA, ACTIVIDAD ECONÓMICA Y COMUNIDAD AUTÓNOMA",COMUNIDAD AUTÓNOMA,Galicia,18809,472826,259416,213410,54.9,45.1
2024,EAL-C1,"EMPRESAS Y TRABAJADORES SEGÚN SEXO POR TAMAÑO DE LA EMPRESA, ACTIVIDAD ECONÓMICA Y COMUNIDAD AUTÓNOMA",COMUNIDAD AUTÓNOMA,Madrid (Comunidad de),53753,3006810,1700768,1306042,56.6,43.4
2024,EAL-C1,"EMPRESAS Y TRABAJADORES SEGÚN SEXO POR TAMAÑO DE LA EMPRESA, ACTIVIDAD ECONÓMICA Y COMUNIDAD AUTÓNOMA",COMUNIDAD AUTÓNOMA,Murcia (Región de),11568,303487,187318,116169,61.7,38.3
2024,EAL-C1,"EMPRESAS Y TRABAJADORES SEGÚN SEXO POR TAMAÑO DE LA EMPRESA, ACTIVIDAD ECONÓMICA Y COMUNIDAD AUTÓNOMA",COMUNIDAD AUTÓNOMA,Navarra (Comunidad Foral de),4757,150155,96919,53236,64.5,35.5
2024,EAL-C1,"EMPRESAS Y TRABAJADORES SEGÚN SEXO POR TAMAÑO DE LA EMPRESA, ACTIVIDAD ECONÓMICA Y COMUNIDAD AUTÓNOMA",COMUNIDAD AUTÓNOMA,País Vasco,16669,518373,330174,188199,63.7,36.3
2024,EAL-C1,"EMPRESAS Y TRABAJADORES SEGÚN SEXO POR TAMAÑO DE LA EMPRESA, ACTIVIDAD ECONÓMICA Y COMUNIDAD AUTÓNOMA",COMUNIDAD AUTÓNOMA,"Rioja, La",2546,54640,33961,20679,62.2,37.8
