anio,tabla,pregunta,dimension,ambito,detectaron_total,detectaron_proporcionaron_formacion,detectaron_no_proporcionaron_formacion,no_detectaron_total,no_detectaron_proporcionaron_formacion,no_detectaron_no_proporcionaron_formacion
2020,EAL-18,"EMPRESAS, SEGÚN DETECTARAN O NO NECESIDADES FORMATIVAS DE SU PERSONAL E IMPARTIERAN O NO FORMACIÓN, POR TAMAÑO DE LA EMPRESA, ACTIVIDAD ECONÓMICA Y COMUNIDAD AUTÓNOMA",TOTAL,TOTAL,30.806256352489527,87.33332632839836,12.667724411848146,69.19374364751047,48.51587973596927,51.48412026403073
2020,EAL-18,"EMPRESAS, SEGÚN DETECTARAN O NO NECESIDADES FORMATIVAS DE SU PERSONAL E IMPARTIERAN O NO FORMACIÓN, POR TAMAÑO DE LA EMPRESA, ACTIVIDAD ECONÓMICA Y COMUNIDAD AUTÓNOMA",TAMAÑO DE LA EMPRESA,Más de 499 trabajadores,85.95611285266457,99.12472647702408,0.87527352297593,14.043887147335424,91.96428571428572,8.035714285714286
2020,EAL-18,"EMPRESAS, SEGÚN DETECTARAN O NO NECESIDADES FORMATIVAS DE SU PERSONAL E IMPARTIERAN O NO FORMACIÓN, POR TAMAÑO DE LA EMPRESA, ACTIVIDAD ECONÓMICA Y COMUNIDAD AUTÓNOMA",ACTIVIDAD ECONÓMICA,Industria,33.81237999089416,90.83777296411218,9.16222703588783,66.18762000910584,51.35781792080392,48.64218207919608
2020,EAL-18,"EMPRESAS, SEGÚN DETECTARAN O NO NECESIDADES FORMATIVAS DE SU PERSONAL E IMPARTIERAN O NO FORMACIÓN, POR TAMAÑO DE LA EMPRESA, ACTIVIDAD ECONÓMICA Y COMUNIDAD AUTÓNOMA",ACTIVIDAD ECONÓMICA,Construcción,27.07081264698197,90.7915057915058,9.208494208494209,72.92918735301804,53.310641347187385,46.69294159799355
2020,EAL-18,"EMPRESAS, SEGÚN DETECTARAN O NO NECESIDADES FORMATIVAS DE SU PERSONAL E IMPARTIERAN O NO FORMACIÓN, POR TAMAÑO DE LA EMPRESA, ACTIVIDAD ECONÓMICA Y COMUNIDAD AUTÓNOMA",ACTIVIDAD ECONÓMICA,Comercio y reparación de vehículos,29.904408427011298,84.80735747131568,15.192642528684315,70.09559157298871,46.03736929318325,53.96263070681675
2020,EAL-18,"EMPRESAS, SEGÚN DETECTARAN O NO NECESIDADES FORMATIVAS DE SU PERSONAL E IMPARTIERAN O NO FORMACIÓN, POR TAMAÑO DE LA EMPRESA, ACTIVIDAD ECONÓMICA Y COMUNIDAD AUTÓNOMA",ACTIVIDAD ECONÓMICA,Transporte y almacenamiento,29.10838688772479,88.5343228200371,11.465677179962894,70.89161311227521,59.82326502628171,40.17673497371829
2020,EAL-18,"EMPRESAS, SEGÚN DETECTARAN O NO NECESIDADES FORMATIVAS DE SU PERSONAL E IMPARTIERAN O NO FORMACIÓN, POR TAMAÑO DE LA EMPRESA, ACTIVIDAD ECONÓMICA Y COMUNIDAD AUTÓNOMA",ACTIVIDAD ECONÓMICA,Hostelería,24.538328683406405,77.3145641580942,22.685435841905793,75.4616713165936,37.2761569416499,62.72132796780684
2020,EAL-18,"EMPRESAS, SEGÚN DETECTARAN O NO NECESIDADES FORMATIVAS DE SU PERSONAL E IMPARTIERAN O NO FORMACIÓN, POR TAMAÑO DE LA EMPRESA, ACTIVIDAD ECONÓMICA Y COMUNIDAD AUTÓNOMA",ACTIVIDAD ECONÓMICA,Actividades administrativas y servicios auxiliares,26.16252034410602,95.24550099977785,4.7544990002221725,73.83747965589397,57.64779973234669,42.35220026765331
2020,EAL-18,"EMPRESAS, SEGÚN DETECTARAN O NO NECESIDADES FORMATIVAS DE SU PERSONAL E IMPARTIERAN O NO FORMACIÓN, POR TAMAÑO DE LA EMPRESA, ACTIVIDAD ECONÓMICA Y COMUNIDAD AUTÓNOMA",ACTIVIDAD ECONÓMICA,"Actividades artísticas, recreativas y de entretenimiento y otros servicios",30.590272141968295,78.65228157056951,21.365405022992572,69.4097278580317,39.192454595058074,60.807545404941926
2020,EAL-18,"EMPRESAS, SEGÚN DETECTARAN O NO NECESIDADES FORMATIVAS DE SU PERSONAL E IMPARTIERAN O NO FORMACIÓN, POR TAMAÑO DE LA EMPRESA, ACTIVIDAD ECONÓMICA Y COMUNIDAD AUTÓNOMA",COMUNIDAD AUTÓNOMA,Andalucía,32.0313512112968,88.73609706774519,11.263902932254805,67.9686487887032,56.60916801677309,43.39083198322691
2020,EAL-18,"EMPRESAS, SEGÚN DETECTARAN O NO NECESIDADES FORMATIVAS DE SU PERSONAL E IMPARTIERAN O NO FORMACIÓN, POR TAMAÑO DE LA EMPRESA, ACTIVIDAD ECONÓMICA Y COMUNIDAD AUTÓNOMA",COMUNIDAD AUTÓNOMA,Cataluña,32.18412068414591,89.56994304227413,10.43005695772587,67.81419754124552,46.80951318106292,53.19048681893708
2020,EAL-18,"EMPRESAS, SEGÚN DETECTARAN O NO NECESIDADES FORMATIVAS DE SU PERSONAL E IMPARTIERAN O NO FORMACIÓN, POR TAMAÑO DE LA EMPRESA, ACTIVIDAD ECONÓMICA Y COMUNIDAD AUTÓNOMA",COMUNIDAD AUTÓNOMA,Comunitat Valenciana,33.47655574139224,83.19407356361444,16.814540442759927,66.52344425860777,46.91577441588279,53.08422558411721
2020,EAL-18,"EMPRESAS, SEGÚN DETECTARAN O NO NECESIDADES FORMATIVAS DE SU PERSONAL E IMPARTIERAN O NO FORMACIÓN, POR TAMAÑO DE LA EMPRESA, ACTIVIDAD ECONÓMICA Y COMUNIDAD AUTÓNOMA",COMUNIDAD AUTÓNOMA,Madrid (Comunidad de),33.89429229587919,88.14423258448178,11.855767415518216,66.1057077041208,45.64901752008518,54.35098247991482
2020,EAL-18,"EMPRESAS, SEGÚN DETECTARAN O NO NECESIDADES FORMATIVAS DE SU PERSONAL E IMPARTIERAN O NO FORMACIÓN, POR TAMAÑO DE LA EMPRESA, ACTIVIDAD ECONÓMICA Y COMUNIDAD AUTÓNOMA",COMUNIDAD AUTÓNOMA,País Vasco,31.173538740371544,84.50996677740864,15.490033222591364,68.82646125962846,43.05464121132323,56.94535878867677
2021,EAL-18,"EMPRESAS, SEGÚN DETECTARAN O NO NECESIDADES FORMATIVAS DE SU PERSONAL E IMPARTIERAN O NO FORMACIÓN, POR TAMAÑO DE LA EMPRESA, ACTIVIDAD ECONÓMICA Y COMUNIDAD AUTÓNOMA",TOTAL,TOTAL,17.44744159128367,87.99012096410738,12.008076292116602,82.5528729413837,62.92606167749998,37.07393832250002
2021,EAL-18,"EMPRESAS, SEGÚN DETECTARAN O NO NECESIDADES FORMATIVAS DE SU PERSONAL E IMPARTIERAN O NO FORMACIÓN, POR TAMAÑO DE LA EMPRESA, ACTIVIDAD ECONÓMICA Y COMUNIDAD AUTÓNOMA",TAMAÑO DE LA EMPRESA,Más de 499 trabajadores,54.82295482295482,99.77728285077951,0.22271714922049,45.17704517704518,94.86486486486488,5.0
2021,EAL-18,"EMPRESAS, SEGÚN DETECTARAN O NO NECESIDADES FORMATIVAS DE SU PERSONAL E IMPARTIERAN O NO FORMACIÓN, POR TAMAÑO DE LA EMPRESA, ACTIVIDAD ECONÓMICA Y COMUNIDAD AUTÓNOMA",ACTIVIDAD ECONÓMICA,Industria,19.961152857619336,87.47788480440339,12.52211519559662,80.03884714238066,68.20443681823753,31.79556318176247
2021,EAL-18,"EMPRESAS, SEGÚN DETECTARAN O NO NECESIDADES FORMATIVAS DE SU PERSONAL E IMPARTIERAN O NO FORMACIÓN, POR TAMAÑO DE LA EMPRESA, ACTIVIDAD ECONÓMICA Y COMUNIDAD AUTÓNOMA",ACTIVIDAD ECONÓMICA,Construcción,16.957686393174264,88.21120374433231,11.788796255667693,83.04231360682573,67.0380215644694,32.9619784355306
2021,EAL-18,"EMPRESAS, SEGÚN DETECTARAN O NO NECESIDADES FORMATIVAS DE SU PERSONAL E IMPARTIERAN O NO FORMACIÓN, POR TAMAÑO DE LA EMPRESA, ACTIVIDAD ECONÓMICA Y COMUNIDAD AUTÓNOMA",ACTIVIDAD ECONÓMICA,Comercio y reparación de vehículos,15.486848177203507,89.44321471139111,10.556785288608888,84.51315182279649,64.84188520881762,35.15811479118239
2021,EAL-18,"EMPRESAS, SEGÚN DETECTARAN O NO NECESIDADES FORMATIVAS DE SU PERSONAL E IMPARTIERAN O NO FORMACIÓN, POR TAMAÑO DE LA EMPRESA, ACTIVIDAD ECONÓMICA Y COMUNIDAD AUTÓNOMA",ACTIVIDAD ECONÓMICA,Transporte y almacenamiento,19.006065765669895,93.25307950727884,6.746920492721165,80.99393423433011,68.23019314150571,31.769806858494285
2021,EAL-18,"EMPRESAS, SEGÚN DETECTARAN O NO NECESIDADES FORMATIVAS DE SU PERSONAL E IMPARTIERAN O NO FORMACIÓN, POR TAMAÑO DE LA EMPRESA, ACTIVIDAD ECONÓMICA Y COMUNIDAD AUTÓNOMA",ACTIVIDAD ECONÓMICA,Hostelería,13.77747400985647,74.94778067885117,25.052219321148826,86.22252599014352,47.7637782135258,52.23830781426009
2021,EAL-18,"EMPRESAS, SEGÚN DETECTARAN O NO NECESIDADES FORMATIVAS DE SU PERSONAL E IMPARTIERAN O NO FORMACIÓN, POR TAMAÑO DE LA EMPRESA, ACTIVIDAD ECONÓMICA Y COMUNIDAD AUTÓNOMA",ACTIVIDAD ECONÓMICA,Actividades administrativas y servicios auxiliares,17.164349213585595,94.9535192563081,5.046480743691899,82.8356507864144,63.78646119977986,36.20665932856357
2021,EAL-18,"EMPRESAS, SEGÚN DETECTARAN O NO NECESIDADES FORMATIVAS DE SU PERSONAL E IMPARTIERAN O NO FORMACIÓN, POR TAMAÑO DE LA EMPRESA, ACTIVIDAD ECONÓMICA Y COMUNIDAD AUTÓNOMA",ACTIVIDAD ECONÓMICA,"Actividades artísticas, recreativas y de entretenimiento y otros servicios",15.786375555198802,84.77966101694915,15.220338983050848,84.2136244448012,57.33621401791955,42.66378598208045
2021,EAL-18,"EMPRESAS, SEGÚN DETECTARAN O NO NECESIDADES FORMATIVAS DE SU PERSONAL E IMPARTIERAN O NO FORMACIÓN, POR TAMAÑO DE LA EMPRESA, ACTIVIDAD ECONÓMICA Y COMUNIDAD AUTÓNOMA",COMUNIDAD AUTÓNOMA,Andalucía,16.252602931777417,81.36496257769885,18.62235189648611,83.74739706822258,62.72033481043821,37.27966518956179
2021,EAL-18,"EMPRESAS, SEGÚN DETECTARAN O NO NECESIDADES FORMATIVAS DE SU PERSONAL E IMPARTIERAN O NO FORMACIÓN, POR TAMAÑO DE LA EMPRESA, ACTIVIDAD ECONÓMICA Y COMUNIDAD AUTÓNOMA",COMUNIDAD AUTÓNOMA,Cataluña,17.1437967606676,87.88605409553041,12.113945904469595,82.8562032393324,63.773839528468514,36.226160471531486
2021,EAL-18,"EMPRESAS, SEGÚN DETECTARAN O NO NECESIDADES FORMATIVAS DE SU PERSONAL E IMPARTIERAN O NO FORMACIÓN, POR TAMAÑO DE LA EMPRESA, ACTIVIDAD ECONÓMICA Y COMUNIDAD AUTÓNOMA",COMUNIDAD AUTÓNOMA,Comunitat Valenciana,16.128760428077864,86.06757227446883,13.932427725531172,83.87123957192213,63.26400750192572,36.73599249807428
2021,EAL-18,"EMPRESAS, SEGÚN DETECTARAN O NO NECESIDADES FORMATIVAS DE SU PERSONAL E IMPARTIERAN O NO FORMACIÓN, POR TAMAÑO DE LA EMPRESA, ACTIVIDAD ECONÓMICA Y COMUNIDAD AUTÓNOMA",COMUNIDAD AUTÓNOMA,Madrid (Comunidad de),18.913892893708603,93.39372514361467,6.606274856385329,81.08819657744625,67.23098330241187,32.766439909297056
2021,EAL-18,"EMPRESAS, SEGÚN DETECTARAN O NO NECESIDADES FORMATIVAS DE SU PERSONAL E IMPARTIERAN O NO FORMACIÓN, POR TAMAÑO DE LA EMPRESA, ACTIVIDAD ECONÓMICA Y COMUNIDAD AUTÓNOMA",COMUNIDAD AUTÓNOMA,País Vasco,24.318387388551493,87.51328374070138,12.513283740701382,75.68161261144851,56.08673382277617,43.91326617722383
2022,EAL-18,"EMPRESAS, SEGÚN DETECTARAN O NO NECESIDADES FORMATIVAS DE SU PERSONAL E IMPARTIERAN O NO FORMACIÓN, POR TAMAÑO DE LA EMPRESA, ACTIVIDAD ECONÓMICA Y COMUNIDAD AUTÓNOMA",TOTAL,TOTAL,24.669632480139107,91.55746639215212,8.442533607847887,75.33036751986089,64.22998972764374,35.770406888427935
2022,EAL-18,"EMPRESAS, SEGÚN DETECTARAN O NO NECESIDADES FORMATIVAS DE SU PERSONAL E IMPARTIERAN O NO FORMACIÓN, POR TAMAÑO DE LA EMPRESA, ACTIVIDAD ECONÓMICA Y COMUNIDAD AUTÓNOMA",TAMAÑO DE LA EMPRESA,Más de 499 trabajadores,65.27777777777777,99.5744680851064,0.3404255319148936,34.72222222222222,96.96,3.04
2022,EAL-18,"EMPRESAS, SEGÚN DETECTARAN O NO NECESIDADES FORMATIVAS DE SU PERSONAL E IMPARTIERAN O NO FORMACIÓN, POR TAMAÑO DE LA EMPRESA, ACTIVIDAD ECONÓMICA Y COMUNIDAD AUTÓNOMA",ACTIVIDAD ECONÓMICA,Industria,25.77159010057112,92.4190419340397,7.580958065960305,74.22840989942888,66.24698841998912,33.75301158001088
2022,EAL-18,"EMPRESAS, SEGÚN DETECTARAN O NO NECESIDADES FORMATIVAS DE SU PERSONAL E IMPARTIERAN O NO FORMACIÓN, POR TAMAÑO DE LA EMPRESA, ACTIVIDAD ECONÓMICA Y COMUNIDAD AUTÓNOMA",ACTIVIDAD ECONÓMICA,Construcción,25.54953433269993,91.6261133045634,8.3738866954366,74.45046566730007,70.3239223594656,29.679228636249057
2022,EAL-18,"EMPRESAS, SEGÚN DETECTARAN O NO NECESIDADES FORMATIVAS DE SU PERSONAL E IMPARTIERAN O NO FORMACIÓN, POR TAMAÑO DE LA EMPRESA, ACTIVIDAD ECONÓMICA Y COMUNIDAD AUTÓNOMA",ACTIVIDAD ECONÓMICA,Comercio y reparación de vehículos,21.04008059476899,91.42978362324988,8.576277350142433,78.959919405231,61.77363609935721,38.22636390064279
2022,EAL-18,"EMPRESAS, SEGÚN DETECTARAN O NO NECESIDADES FORMATIVAS DE SU PERSONAL E IMPARTIERAN O NO FORMACIÓN, POR TAMAÑO DE LA EMPRESA, ACTIVIDAD ECONÓMICA Y COMUNIDAD AUTÓNOMA",ACTIVIDAD ECONÓMICA,Transporte y almacenamiento,22.32753262896209,94.64161447459986,5.35838552540014,77.67246737103791,71.43428685737148,28.565713142628525
2022,EAL-18,"EMPRESAS, SEGÚN DETECTARAN O NO NECESIDADES FORMATIVAS DE SU PERSONAL E IMPARTIERAN O NO FORMACIÓN, POR TAMAÑO DE LA EMPRESA, ACTIVIDAD ECONÓMICA Y COMUNIDAD AUTÓNOMA",ACTIVIDAD ECONÓMICA,Hostelería,20.889544334768985,81.26754913758523,18.73245086241476,79.11045566523102,51.85569630979113,48.14430369020887
2022,EAL-18,"EMPRESAS, SEGÚN DETECTARAN O NO NECESIDADES FORMATIVAS DE SU PERSONAL E IMPARTIERAN O NO FORMACIÓN, POR TAMAÑO DE LA EMPRESA, ACTIVIDAD ECONÓMICA Y COMUNIDAD AUTÓNOMA",ACTIVIDAD ECONÓMICA,Actividades administrativas y servicios auxiliares,26.561913444521903,95.86109428629112,4.138905713708863,73.4380865554781,68.24156564918943,31.758434350810575
2022,EAL-18,"EMPRESAS, SEGÚN DETECTARAN O NO NECESIDADES FORMATIVAS DE SU PERSONAL E IMPARTIERAN O NO FORMACIÓN, POR TAMAÑO DE LA EMPRESA, ACTIVIDAD ECONÓMICA Y COMUNIDAD AUTÓNOMA",ACTIVIDAD ECONÓMICA,"Actividades artísticas, recreativas y de entretenimiento y otros servicios",25.692168874958448,93.77079482439926,6.22920517560074,74.30783112504156,62.64459640825717,37.3490125902729
2022,EAL-18,"EMPRESAS, SEGÚN DETECTARAN O NO NECESIDADES FORMATIVAS DE SU PERSONAL E IMPARTIERAN O NO FORMACIÓN, POR TAMAÑO DE LA EMPRESA, ACTIVIDAD ECONÓMICA Y COMUNIDAD AUTÓNOMA",COMUNIDAD AUTÓNOMA,Andalucía,23.80050992814649,89.7256938808635,10.274306119136504,76.19949007185352,62.32953105196451,37.67046894803549
2022,EAL-18,"EMPRESAS, SEGÚN DETECTARAN O NO NECESIDADES FORMATIVAS DE SU PERSONAL E IMPARTIERAN O NO FORMACIÓN, POR TAMAÑO DE LA EMPRESA, ACTIVIDAD ECONÓMICA Y COMUNIDAD AUTÓNOMA",COMUNIDAD AUTÓNOMA,Cataluña,27.320154624595368,89.49729667548603,10.502703324513975,72.67984537540464,69.26403182565079,30.735968174349217
2022,EAL-18,"EMPRESAS, SEGÚN DETECTARAN O NO NECESIDADES FORMATIVAS DE SU PERSONAL E IMPARTIERAN O NO FORMACIÓN, POR TAMAÑO DE LA EMPRESA, ACTIVIDAD ECONÓMICA Y COMUNIDAD AUTÓNOMA",COMUNIDAD AUTÓNOMA,Comunitat Valenciana,22.63007463081565,92.84294234592446,7.157057654075547,77.36992536918436,58.050282195997944,41.949717804002056
2022,EAL-18,"EMPRESAS, SEGÚN DETECTARAN O NO NECESIDADES FORMATIVAS DE SU PERSONAL E IMPARTIERAN O NO FORMACIÓN, POR TAMAÑO DE LA EMPRESA, ACTIVIDAD ECONÓMICA Y COMUNIDAD AUTÓNOMA",COMUNIDAD AUTÓNOMA,Madrid (Comunidad de),28.3878596767836,95.64704248819773,4.352957511802277,71.6121403232164,67.99042272126816,32.00957727873184
2022,EAL-18,"EMPRESAS, SEGÚN DETECTARAN O NO NECESIDADES FORMATIVAS DE SU PERSONAL E IMPARTIERAN O NO FORMACIÓN, POR TAMAÑO DE LA EMPRESA, ACTIVIDAD ECONÓMICA Y COMUNIDAD AUTÓNOMA",COMUNIDAD AUTÓNOMA,País Vasco,26.69236029091813,91.61620866325104,8.383791336748953,73.30763970908187,61.66369880437548,38.33630119562452
2023,EAL-18,"EMPRESAS, SEGÚN DETECTARAN O NO NECESIDADES FORMATIVAS DE SU PERSONAL E IMPARTIERAN O NO FORMACIÓN, POR TAMAÑO DE LA EMPRESA, ACTIVIDAD ECONÓMICA Y COMUNIDAD AUTÓNOMA",TOTAL,TOTAL,28.60934060234437,88.22403738656622,11.774955432231812,71.39065939765563,66.8247516720012,33.17524832799881
2023,EAL-18,"EMPRESAS, SEGÚN DETECTARAN O NO NECESIDADES FORMATIVAS DE SU PERSONAL E IMPARTIERAN O NO FORMACIÓN, POR TAMAÑO DE LA EMPRESA, ACTIVIDAD ECONÓMICA Y COMUNIDAD AUTÓNOMA",TAMAÑO DE LA EMPRESA,Más de 499 trabajadores,64.14807302231237,99.84189723320158,0.0790513833992094,35.851926977687626,98.3026874115983,1.8387553041018387
2023,EAL-18,"EMPRESAS, SEGÚN DETECTARAN O NO NECESIDADES FORMATIVAS DE SU PERSONAL E IMPARTIERAN O NO FORMACIÓN, POR TAMAÑO DE LA EMPRESA, ACTIVIDAD ECONÓMICA Y COMUNIDAD AUTÓNOMA",ACTIVIDAD ECONÓMICA,Industria,30.025028698319502,94.68505170792857,5.321215919774366,69.9749713016805,71.3505808950086,28.649419104991395
2023,EAL-18,"EMPRESAS, SEGÚN DETECTARAN O NO NECESIDADES FORMATIVAS DE SU PERSONAL E IMPARTIERAN O NO FORMACIÓN, POR TAMAÑO DE LA EMPRESA, ACTIVIDAD ECONÓMICA Y COMUNIDAD AUTÓNOMA",ACTIVIDAD ECONÓMICA,Construcción,30.237876376028517,91.44361236746497,8.556387632535033,69.76212362397148,74.17405836225736,25.82594163774264
2023,EAL-18,"EMPRESAS, SEGÚN DETECTARAN O NO NECESIDADES FORMATIVAS DE SU PERSONAL E IMPARTIERAN O NO FORMACIÓN, POR TAMAÑO DE LA EMPRESA, ACTIVIDAD ECONÓMICA Y COMUNIDAD AUTÓNOMA",ACTIVIDAD ECONÓMICA,Comercio y reparación de vehículos,25.820307692307697,87.30635397302063,12.69364602697936,74.1796923076923,64.92342917821175,35.07657082178826
2023,EAL-18,"EMPRESAS, SEGÚN DETECTARAN O NO NECESIDADES FORMATIVAS DE SU PERSONAL E IMPARTIERAN O NO FORMACIÓN, POR TAMAÑO DE LA EMPRESA, ACTIVIDAD ECONÓMICA Y COMUNIDAD AUTÓNOMA",ACTIVIDAD ECONÓMICA,Transporte y almacenamiento,25.97521332791548,92.45209229565896,7.567461869378177,74.02478667208452,75.10635378070536,24.89364621929463
2023,EAL-18,"EMPRESAS, SEGÚN DETECTARAN O NO NECESIDADES FORMATIVAS DE SU PERSONAL E IMPARTIERAN O NO FORMACIÓN, POR TAMAÑO DE LA EMPRESA, ACTIVIDAD ECONÓMICA Y COMUNIDAD AUTÓNOMA",ACTIVIDAD ECONÓMICA,Hostelería,21.678355192740867,71.0759027266028,28.916728076639647,78.32164480725913,54.875884716584736,45.124115283415264
2023,EAL-18,"EMPRESAS, SEGÚN DETECTARAN O NO NECESIDADES FORMATIVAS DE SU PERSONAL E IMPARTIERAN O NO FORMACIÓN, POR TAMAÑO DE LA EMPRESA, ACTIVIDAD ECONÓMICA Y COMUNIDAD AUTÓNOMA",ACTIVIDAD ECONÓMICA,Actividades administrativas y servicios auxiliares,37.688389980251536,87.42415885273029,12.589630446773304,62.311610019748464,63.80316930775646,36.19683069224354
2023,EAL-18,"EMPRESAS, SEGÚN DETECTARAN O NO NECESIDADES FORMATIVAS DE SU PERSONAL E IMPARTIERAN O NO FORMACIÓN, POR TAMAÑO DE LA EMPRESA, ACTIVIDAD ECONÓMICA Y COMUNIDAD AUTÓNOMA",ACTIVIDAD ECONÓMICA,"Actividades artísticas, recreativas y de entretenimiento y otros servicios",26.54780746671632,92.845870594424,7.154129405576013,73.45219253328368,64.25629000570379,35.75004753152925
2023,EAL-18,"EMPRESAS, SEGÚN DETECTARAN O NO NECESIDADES FORMATIVAS DE SU PERSONAL E IMPARTIERAN O NO FORMACIÓN, POR TAMAÑO DE LA EMPRESA, ACTIVIDAD ECONÓMICA Y COMUNIDAD AUTÓNOMA",COMUNIDAD AUTÓNOMA,Andalucía,25.5608504398827,87.45159902480998,12.54840097519002,74.4391495601173,68.45176540109323,31.54823459890678
2023,EAL-18,"EMPRESAS, SEGÚN DETECTARAN O NO NECESIDADES FORMATIVAS DE SU PERSONAL E IMPARTIERAN O NO FORMACIÓN, POR TAMAÑO DE LA EMPRESA, ACTIVIDAD ECONÓMICA Y COMUNIDAD AUTÓNOMA",COMUNIDAD AUTÓNOMA,Cataluña,32.39639971738396,85.19817940451355,14.797079461407169,67.60360028261604,69.34611714454492,30.65615485981733
2023,EAL-18,"EMPRESAS, SEGÚN DETECTARAN O NO NECESIDADES FORMATIVAS DE SU PERSONAL E IMPARTIERAN O NO FORMACIÓN, POR TAMAÑO DE LA EMPRESA, ACTIVIDAD ECONÓMICA Y COMUNIDAD AUTÓNOMA",COMUNIDAD AUTÓNOMA,Comunitat Valenciana,25.049590559991863,89.88832487309645,10.111675126903553,74.95040944000814,67.03650922909881,32.963490770901196
2023,EAL-18,"EMPRESAS, SEGÚN DETECTARAN O NO NECESIDADES FORMATIVAS DE SU PERSONAL E IMPARTIERAN O NO FORMACIÓN, POR TAMAÑO DE LA EMPRESA, ACTIVIDAD ECONÓMICA Y COMUNIDAD AUTÓNOMA",COMUNIDAD AUTÓNOMA,Madrid (Comunidad de),31.302140007254263,85.50954442885893,14.490455571141062,68.69976900902965,67.1686998082641,32.831300191735906
2023,EAL-18,"EMPRESAS, SEGÚN DETECTARAN O NO NECESIDADES FORMATIVAS DE SU PERSONAL E IMPARTIERAN O NO FORMACIÓN, POR TAMAÑO DE LA EMPRESA, ACTIVIDAD ECONÓMICA Y COMUNIDAD AUTÓNOMA",COMUNIDAD AUTÓNOMA,País Vasco,31.43342226534077,89.75694444444444,10.243055555555555,68.56657773465923,66.48390519985851,33.516094800141495
2024,EAL-18,"EMPRESAS SEGÚN DETECTARAN O NO NECESIDADES FORMATIVAS DE SU PERSONAL E IMPARTIERAN O NO FORMACIÓN POR TAMAÑO DE LA EMPRESA, ACTIVIDAD ECONÓMICA Y COMUNIDAD AUTÓNOMA",TOTAL,TOTAL,29.12369381417594,89.97451064326575,10.02548935673425,70.87630618582406,66.57059021059533,33.42940978940467
2024,EAL-18,"EMPRESAS SEGÚN DETECTARAN O NO NECESIDADES FORMATIVAS DE SU PERSONAL E IMPARTIERAN O NO FORMACIÓN POR TAMAÑO DE LA EMPRESA, ACTIVIDAD ECONÓMICA Y COMUNIDAD AUTÓNOMA",TAMAÑO DE LA EMPRESA,Más de 499 trabajadores,62.7536231884058,99.7690531177829,0.23094688221709,37.2463768115942,98.7029831387808,1.297016861219196
2024,EAL-18,"EMPRESAS SEGÚN DETECTARAN O NO NECESIDADES FORMATIVAS DE SU PERSONAL E IMPARTIERAN O NO FORMACIÓN POR TAMAÑO DE LA EMPRESA, ACTIVIDAD ECONÓMICA Y COMUNIDAD AUTÓNOMA",ACTIVIDAD ECONÓMICA,Industria,29.340513983371125,91.94306691569524,8.063373478456882,70.65948601662888,69.76172010804162,30.23827989195839
2024,EAL-18,"EMPRESAS SEGÚN DETECTARAN O NO NECESIDADES FORMATIVAS DE SU PERSONAL E IMPARTIERAN O NO FORMACIÓN POR TAMAÑO DE LA EMPRESA, ACTIVIDAD ECONÓMICA Y COMUNIDAD AUTÓNOMA",ACTIVIDAD ECONÓMICA,Construcción,27.053956674525153,90.61164090759618,9.388359092403814,72.94604332547485,73.01664735654613,26.98335264345387
2024,EAL-18,"EMPRESAS SEGÚN DETECTARAN O NO NECESIDADES FORMATIVAS DE SU PERSONAL E IMPARTIERAN O NO FORMACIÓN POR TAMAÑO DE LA EMPRESA, ACTIVIDAD ECONÓMICA Y COMUNIDAD AUTÓNOMA",ACTIVIDAD ECONÓMICA,Comercio y reparación de vehículos,28.46734925496992,90.8689501436104,9.131049856389591,71.53265074503008,67.38433192302443,32.61566807697557
2024,EAL-18,"EMPRESAS SEGÚN DETECTARAN O NO NECESIDADES FORMATIVAS DE SU PERSONAL E IMPARTIERAN O NO FORMACIÓN POR TAMAÑO DE LA EMPRESA, ACTIVIDAD ECONÓMICA Y COMUNIDAD AUTÓNOMA",ACTIVIDAD ECONÓMICA,Transporte y almacenamiento,25.90190514795298,95.03129890453836,4.968701095461659,74.09809485204703,71.21854485776805,28.78145514223195
2024,EAL-18,"EMPRESAS SEGÚN DETECTARAN O NO NECESIDADES FORMATIVAS DE SU PERSONAL E IMPARTIERAN O NO FORMACIÓN POR TAMAÑO DE LA EMPRESA, ACTIVIDAD ECONÓMICA Y COMUNIDAD AUTÓNOMA",ACTIVIDAD ECONÓMICA,Hostelería,30.27132850019883,82.45250606305578,17.54749393694422,69.72867149980117,51.01996051765738,48.98003948234262
2024,EAL-18,"EMPRESAS SEGÚN DETECTARAN O NO NECESIDADES FORMATIVAS DE SU PERSONAL E IMPARTIERAN O NO FORMACIÓN POR TAMAÑO DE LA EMPRESA, ACTIVIDAD ECONÓMICA Y COMUNIDAD AUTÓNOMA",ACTIVIDAD ECONÓMICA,Actividades administrativas y servicios auxiliares,28.286468378844788,93.12757940068184,6.872420599318141,71.71353162115521,65.67343761058815,34.32656238941185
2024,EAL-18,"EMPRESAS SEGÚN DETECTARAN O NO NECESIDADES FORMATIVAS DE SU PERSONAL E IMPARTIERAN O NO FORMACIÓN POR TAMAÑO DE LA EMPRESA, ACTIVIDAD ECONÓMICA Y COMUNIDAD AUTÓNOMA",ACTIVIDAD ECONÓMICA,"Actividades artísticas, recreativas y de entretenimiento y otros servicios",26.601052249637156,89.6845694799659,10.3154305200341,73.39894775036285,67.4782178829636,32.521782117036395
2024,EAL-18,"EMPRESAS SEGÚN DETECTARAN O NO NECESIDADES FORMATIVAS DE SU PERSONAL E IMPARTIERAN O NO FORMACIÓN POR TAMAÑO DE LA EMPRESA, ACTIVIDAD ECONÓMICA Y COMUNIDAD AUTÓNOMA",COMUNIDAD AUTÓNOMA,Andalucía,27.268814890526656,88.1633458275794,11.836654172420596,72.73118510947334,67.63560157790927,32.361932938856015
2024,EAL-18,"EMPRESAS SEGÚN DETECTARAN O NO NECESIDADES FORMATIVAS DE SU PERSONAL E IMPARTIERAN O NO FORMACIÓN POR TAMAÑO DE LA EMPRESA, ACTIVIDAD ECONÓMICA Y COMUNIDAD AUTÓNOMA",COMUNIDAD AUTÓNOMA,Cataluña,31.72210934894017,90.311633687028,9.688366312971992,68.27789065105983,69.36178717356546,30.638212826434536
2024,EAL-18,"EMPRESAS SEGÚN DETECTARAN O NO NECESIDADES FORMATIVAS DE SU PERSONAL E IMPARTIERAN O NO FORMACIÓN POR TAMAÑO DE LA EMPRESA, ACTIVIDAD ECONÓMICA Y COMUNIDAD AUTÓNOMA",COMUNIDAD AUTÓNOMA,Comunitat Valenciana,26.022667567364707,94.22170945101432,5.778290548985675,73.9773324326353,66.96766774891775,33.035714285714285
2024,EAL-18,"EMPRESAS SEGÚN DETECTARAN O NO NECESIDADES FORMATIVAS DE SU PERSONAL E IMPARTIERAN O NO FORMACIÓN POR TAMAÑO DE LA EMPRESA, ACTIVIDAD ECONÓMICA Y COMUNIDAD AUTÓNOMA",COMUNIDAD AUTÓNOMA,Madrid (Comunidad de),35.43244098003832,91.26325737687704,8.736742623122966,64.56755901996168,63.01322499783905,36.98677500216095
2024,EAL-18,"EMPRESAS SEGÚN DETECTARAN O NO NECESIDADES FORMATIVAS DE SU PERSONAL E IMPARTIERAN O NO FORMACIÓN POR TAMAÑO DE LA EMPRESA, ACTIVIDAD ECONÓMICA Y COMUNIDAD AUTÓNOMA",COMUNIDAD AUTÓNOMA,País Vasco,26.84024236606875,92.48994188645509,7.510058113544926,73.15975763393125,63.69823698236982,36.30176301763018
