anio,tabla,proporcionaron_formacion,pregunta,ambito,NADA,POCO,BASTANTE,MUCHO
2020,EAL-24,Si,"EMPRESAS QUE PROPORCIONARON FORMACIÓN A SUS TRABAJADORES, SEGÚN GRADO DE LIMITACIÓN A LA FORMACIÓN  QUE SUPUSIERON CIERTOS MOTIVOS ",El nivel de formación de los empleados era el apropiado para las necesidades de la empresa,10.031,13.505,60.232,16.232
2020,EAL-24,Si,"EMPRESAS QUE PROPORCIONARON FORMACIÓN A SUS TRABAJADORES, SEGÚN GRADO DE LIMITACIÓN A LA FORMACIÓN  QUE SUPUSIERON CIERTOS MOTIVOS ","La estrategia preferida de la empresa fue contratar personal con la cualificación, habilidades o competencias requeridas",32.843,22.364,35.637,9.155
2020,EAL-24,Si,"EMPRESAS QUE PROPORCIONARON FORMACIÓN A SUS TRABAJADORES, SEGÚN GRADO DE LIMITACIÓN A LA FORMACIÓN  QUE SUPUSIERON CIERTOS MOTIVOS ",Dificultad para evaluar la necesidades de formación de la empresa,37.356,45.367,15.583,1.694
2020,EAL-24,Si,"EMPRESAS QUE PROPORCIONARON FORMACIÓN A SUS TRABAJADORES, SEGÚN GRADO DE LIMITACIÓN A LA FORMACIÓN  QUE SUPUSIERON CIERTOS MOTIVOS ",La falta de cursos de formación adecuados en el mercado,31.751,39.726,21.844,6.679
2020,EAL-24,Si,"EMPRESAS QUE PROPORCIONARON FORMACIÓN A SUS TRABAJADORES, SEGÚN GRADO DE LIMITACIÓN A LA FORMACIÓN  QUE SUPUSIERON CIERTOS MOTIVOS ",El alto coste de los cursos de formación,24.188,36.048,29.953,9.811
2020,EAL-24,Si,"EMPRESAS QUE PROPORCIONARON FORMACIÓN A SUS TRABAJADORES, SEGÚN GRADO DE LIMITACIÓN A LA FORMACIÓN  QUE SUPUSIERON CIERTOS MOTIVOS ",El mayor esfuerzo realizado en años anteriores para ofrecer formación a sus trabajadores,38.558,35.28,23.59,2.573
2020,EAL-24,Si,"EMPRESAS QUE PROPORCIONARON FORMACIÓN A SUS TRABAJADORES, SEGÚN GRADO DE LIMITACIÓN A LA FORMACIÓN  QUE SUPUSIERON CIERTOS MOTIVOS ",La elevada carga de trabajo y el escaso tiempo disponible de los empleados de su empresa,19.757,27.189,39.518,13.536
2020,EAL-24,Si,"EMPRESAS QUE PROPORCIONARON FORMACIÓN A SUS TRABAJADORES, SEGÚN GRADO DE LIMITACIÓN A LA FORMACIÓN  QUE SUPUSIERON CIERTOS MOTIVOS ",Dificultad para acceder a ayudas o subvenciones públicas,28.6,34.344,26.123,10.934
2020,EAL-24c,Si,"EMPRESAS DE MÁS DE 499 TRABAJADORES QUE PROPORCIONARON FORMACIÓN A SUS TRABAJADORES, SEGÚN GRADO DE LIMITACIÓN A LA FORMACIÓN  QUE SUPUSIERON CIERTOS MOTIVOS",El nivel de formación de los empleados era el apropiado para las necesidades de la empresa,19.936,34.377,40.575,5.112
2020,EAL-24c,Si,"EMPRESAS DE MÁS DE 499 TRABAJADORES QUE PROPORCIONARON FORMACIÓN A SUS TRABAJADORES, SEGÚN GRADO DE LIMITACIÓN A LA FORMACIÓN  QUE SUPUSIERON CIERTOS MOTIVOS","La estrategia preferida de la empresa fue contratar personal con la cualificación, habilidades o competencias requeridas",30.288,45.687,21.086,2.939
2020,EAL-24c,Si,"EMPRESAS DE MÁS DE 499 TRABAJADORES QUE PROPORCIONARON FORMACIÓN A SUS TRABAJADORES, SEGÚN GRADO DE LIMITACIÓN A LA FORMACIÓN  QUE SUPUSIERON CIERTOS MOTIVOS",Dificultad para evaluar la necesidades de formación de la empresa,42.045,48.371,8.626,0.958
2020,EAL-24c,Si,"EMPRESAS DE MÁS DE 499 TRABAJADORES QUE PROPORCIONARON FORMACIÓN A SUS TRABAJADORES, SEGÚN GRADO DE LIMITACIÓN A LA FORMACIÓN  QUE SUPUSIERON CIERTOS MOTIVOS",La falta de cursos de formación adecuados en el mercado,36.358,50.288,12.141,1.214
2020,EAL-24c,Si,"EMPRESAS DE MÁS DE 499 TRABAJADORES QUE PROPORCIONARON FORMACIÓN A SUS TRABAJADORES, SEGÚN GRADO DE LIMITACIÓN A LA FORMACIÓN  QUE SUPUSIERON CIERTOS MOTIVOS",El alto coste de los cursos de formación,22.684,46.134,27.987,3.195
2020,EAL-24c,Si,"EMPRESAS DE MÁS DE 499 TRABAJADORES QUE PROPORCIONARON FORMACIÓN A SUS TRABAJADORES, SEGÚN GRADO DE LIMITACIÓN A LA FORMACIÓN  QUE SUPUSIERON CIERTOS MOTIVOS",El mayor esfuerzo realizado en años anteriores para ofrecer formación a sus trabajadores,39.105,43.898,15.208,1.789
2020,EAL-24c,Si,"EMPRESAS DE MÁS DE 499 TRABAJADORES QUE PROPORCIONARON FORMACIÓN A SUS TRABAJADORES, SEGÚN GRADO DE LIMITACIÓN A LA FORMACIÓN  QUE SUPUSIERON CIERTOS MOTIVOS",La elevada carga de trabajo y el escaso tiempo disponible de los empleados de su empresa,16.997,36.55,36.55,9.904
2020,EAL-24c,Si,"EMPRESAS DE MÁS DE 499 TRABAJADORES QUE PROPORCIONARON FORMACIÓN A SUS TRABAJADORES, SEGÚN GRADO DE LIMITACIÓN A LA FORMACIÓN  QUE SUPUSIERON CIERTOS MOTIVOS",Dificultad para acceder a ayudas o subvenciones públicas,38.914,45.431,12.268,3.387
2020,EAL-24f,Si,"EMPRESAS DEL SECTOR SERVICIOS QUE PROPORCIONARON FORMACIÓN A SUS TRABAJADORES, SEGÚN GRADO DE LIMITACIÓN A LA FORMACIÓN  QUE SUPUSIERON CIERTOS MOTIVOS",El nivel de formación de los empleados era el apropiado para las necesidades de la empresa,10.567,12.991,61.078,15.364
2020,EAL-24f,Si,"EMPRESAS DEL SECTOR SERVICIOS QUE PROPORCIONARON FORMACIÓN A SUS TRABAJADORES, SEGÚN GRADO DE LIMITACIÓN A LA FORMACIÓN  QUE SUPUSIERON CIERTOS MOTIVOS","La estrategia preferida de la empresa fue contratar personal con la cualificación, habilidades o competencias requeridas",34.293,20.911,35.687,9.109
2020,EAL-24f,Si,"EMPRESAS DEL SECTOR SERVICIOS QUE PROPORCIONARON FORMACIÓN A SUS TRABAJADORES, SEGÚN GRADO DE LIMITACIÓN A LA FORMACIÓN  QUE SUPUSIERON CIERTOS MOTIVOS",Dificultad para evaluar la necesidades de formación de la empresa,38.287,42.99,16.888,1.836
2020,EAL-24f,Si,"EMPRESAS DEL SECTOR SERVICIOS QUE PROPORCIONARON FORMACIÓN A SUS TRABAJADORES, SEGÚN GRADO DE LIMITACIÓN A LA FORMACIÓN  QUE SUPUSIERON CIERTOS MOTIVOS",La falta de cursos de formación adecuados en el mercado,32.089,38.983,21.95,6.978
2020,EAL-24f,Si,"EMPRESAS DEL SECTOR SERVICIOS QUE PROPORCIONARON FORMACIÓN A SUS TRABAJADORES, SEGÚN GRADO DE LIMITACIÓN A LA FORMACIÓN  QUE SUPUSIERON CIERTOS MOTIVOS",El alto coste de los cursos de formación,23.941,35.758,30.057,10.244
2020,EAL-24f,Si,"EMPRESAS DEL SECTOR SERVICIOS QUE PROPORCIONARON FORMACIÓN A SUS TRABAJADORES, SEGÚN GRADO DE LIMITACIÓN A LA FORMACIÓN  QUE SUPUSIERON CIERTOS MOTIVOS",El mayor esfuerzo realizado en años anteriores para ofrecer formación a sus trabajadores,38.941,35.043,23.438,2.578
2020,EAL-24f,Si,"EMPRESAS DEL SECTOR SERVICIOS QUE PROPORCIONARON FORMACIÓN A SUS TRABAJADORES, SEGÚN GRADO DE LIMITACIÓN A LA FORMACIÓN  QUE SUPUSIERON CIERTOS MOTIVOS",La elevada carga de trabajo y el escaso tiempo disponible de los empleados de su empresa,19.443,27.808,39.344,13.405
2020,EAL-24f,Si,"EMPRESAS DEL SECTOR SERVICIOS QUE PROPORCIONARON FORMACIÓN A SUS TRABAJADORES, SEGÚN GRADO DE LIMITACIÓN A LA FORMACIÓN  QUE SUPUSIERON CIERTOS MOTIVOS",Dificultad para acceder a ayudas o subvenciones públicas,28.305,34.171,25.868,11.656
2021,EAL-24,Si,"EMPRESAS QUE PROPORCIONARON FORMACIÓN A SUS TRABAJADORES, SEGÚN GRADO DE LIMITACIÓN A LA FORMACIÓN  QUE SUPUSIERON CIERTOS MOTIVOS ",El nivel de formación de los empleados era el apropiado para las necesidades de la empresa,8.394,22.181,53.227,16.198
2021,EAL-24,Si,"EMPRESAS QUE PROPORCIONARON FORMACIÓN A SUS TRABAJADORES, SEGÚN GRADO DE LIMITACIÓN A LA FORMACIÓN  QUE SUPUSIERON CIERTOS MOTIVOS ","La estrategia preferida de la empresa fue contratar personal con la cualificación, habilidades o competencias requeridas",22.695,28.821,37.468,11.015
2021,EAL-24,Si,"EMPRESAS QUE PROPORCIONARON FORMACIÓN A SUS TRABAJADORES, SEGÚN GRADO DE LIMITACIÓN A LA FORMACIÓN  QUE SUPUSIERON CIERTOS MOTIVOS ",Dificultad para evaluar la necesidades de formación de la empresa,30.185,52.893,15.011,1.911
2021,EAL-24,Si,"EMPRESAS QUE PROPORCIONARON FORMACIÓN A SUS TRABAJADORES, SEGÚN GRADO DE LIMITACIÓN A LA FORMACIÓN  QUE SUPUSIERON CIERTOS MOTIVOS ",La falta de cursos de formación adecuados en el mercado,28.366,43.836,21.879,5.92
2021,EAL-24,Si,"EMPRESAS QUE PROPORCIONARON FORMACIÓN A SUS TRABAJADORES, SEGÚN GRADO DE LIMITACIÓN A LA FORMACIÓN  QUE SUPUSIERON CIERTOS MOTIVOS ",El alto coste de los cursos de formación,20.887,38.613,30.021,10.479
2021,EAL-24,Si,"EMPRESAS QUE PROPORCIONARON FORMACIÓN A SUS TRABAJADORES, SEGÚN GRADO DE LIMITACIÓN A LA FORMACIÓN  QUE SUPUSIERON CIERTOS MOTIVOS ",El mayor esfuerzo realizado en años anteriores para ofrecer formación a sus trabajadores,31.417,41.183,24.159,3.241
2021,EAL-24,Si,"EMPRESAS QUE PROPORCIONARON FORMACIÓN A SUS TRABAJADORES, SEGÚN GRADO DE LIMITACIÓN A LA FORMACIÓN  QUE SUPUSIERON CIERTOS MOTIVOS ",La elevada carga de trabajo y el escaso tiempo disponible de los empleados de su empresa,14.745,30.923,40.258,14.074
2021,EAL-24,Si,"EMPRESAS QUE PROPORCIONARON FORMACIÓN A SUS TRABAJADORES, SEGÚN GRADO DE LIMITACIÓN A LA FORMACIÓN  QUE SUPUSIERON CIERTOS MOTIVOS ",Dificultad para acceder a ayudas o subvenciones públicas,22.385,38.504,28.279,10.832
2021,EAL-24c,Si,"EMPRESAS DE MÁS DE 499 TRABAJADORES QUE PROPORCIONARON FORMACIÓN A SUS TRABAJADORES, SEGÚN GRADO DE LIMITACIÓN A LA FORMACIÓN  QUE SUPUSIERON CIERTOS MOTIVOS",El nivel de formación de los empleados era el apropiado para las necesidades de la empresa,14.733,36.157,44.621,4.489
2021,EAL-24c,Si,"EMPRESAS DE MÁS DE 499 TRABAJADORES QUE PROPORCIONARON FORMACIÓN A SUS TRABAJADORES, SEGÚN GRADO DE LIMITACIÓN A LA FORMACIÓN  QUE SUPUSIERON CIERTOS MOTIVOS","La estrategia preferida de la empresa fue contratar personal con la cualificación, habilidades o competencias requeridas",19.177,44.874,30.812,5.136
2021,EAL-24c,Si,"EMPRESAS DE MÁS DE 499 TRABAJADORES QUE PROPORCIONARON FORMACIÓN A SUS TRABAJADORES, SEGÚN GRADO DE LIMITACIÓN A LA FORMACIÓN  QUE SUPUSIERON CIERTOS MOTIVOS",Dificultad para evaluar la necesidades de formación de la empresa,31.354,56.989,10.821,0.835
2021,EAL-24c,Si,"EMPRESAS DE MÁS DE 499 TRABAJADORES QUE PROPORCIONARON FORMACIÓN A SUS TRABAJADORES, SEGÚN GRADO DE LIMITACIÓN A LA FORMACIÓN  QUE SUPUSIERON CIERTOS MOTIVOS",La falta de cursos de formación adecuados en el mercado,28.507,52.368,17.029,2.096
2021,EAL-24c,Si,"EMPRESAS DE MÁS DE 499 TRABAJADORES QUE PROPORCIONARON FORMACIÓN A SUS TRABAJADORES, SEGÚN GRADO DE LIMITACIÓN A LA FORMACIÓN  QUE SUPUSIERON CIERTOS MOTIVOS",El alto coste de los cursos de formación,17.039,46.295,30.243,6.423
2021,EAL-24c,Si,"EMPRESAS DE MÁS DE 499 TRABAJADORES QUE PROPORCIONARON FORMACIÓN A SUS TRABAJADORES, SEGÚN GRADO DE LIMITACIÓN A LA FORMACIÓN  QUE SUPUSIERON CIERTOS MOTIVOS",El mayor esfuerzo realizado en años anteriores para ofrecer formación a sus trabajadores,30.159,48.183,20.179,1.478
2021,EAL-24c,Si,"EMPRESAS DE MÁS DE 499 TRABAJADORES QUE PROPORCIONARON FORMACIÓN A SUS TRABAJADORES, SEGÚN GRADO DE LIMITACIÓN A LA FORMACIÓN  QUE SUPUSIERON CIERTOS MOTIVOS",La elevada carga de trabajo y el escaso tiempo disponible de los empleados de su empresa,11.58,34.534,44.092,9.794
2021,EAL-24c,Si,"EMPRESAS DE MÁS DE 499 TRABAJADORES QUE PROPORCIONARON FORMACIÓN A SUS TRABAJADORES, SEGÚN GRADO DE LIMITACIÓN A LA FORMACIÓN  QUE SUPUSIERON CIERTOS MOTIVOS",Dificultad para acceder a ayudas o subvenciones públicas,29.615,48.882,18.236,3.267
2021,EAL-24f,Si,"EMPRESAS DEL SECTOR SERVICIOS QUE PROPORCIONARON FORMACIÓN A SUS TRABAJADORES, SEGÚN GRADO DE LIMITACIÓN A LA FORMACIÓN  QUE SUPUSIERON CIERTOS MOTIVOS",El nivel de formación de los empleados era el apropiado para las necesidades de la empresa,8.612,21.465,52.856,17.067
2021,EAL-24f,Si,"EMPRESAS DEL SECTOR SERVICIOS QUE PROPORCIONARON FORMACIÓN A SUS TRABAJADORES, SEGÚN GRADO DE LIMITACIÓN A LA FORMACIÓN  QUE SUPUSIERON CIERTOS MOTIVOS","La estrategia preferida de la empresa fue contratar personal con la cualificación, habilidades o competencias requeridas",22.605,28.778,36.853,11.764
2021,EAL-24f,Si,"EMPRESAS DEL SECTOR SERVICIOS QUE PROPORCIONARON FORMACIÓN A SUS TRABAJADORES, SEGÚN GRADO DE LIMITACIÓN A LA FORMACIÓN  QUE SUPUSIERON CIERTOS MOTIVOS",Dificultad para evaluar la necesidades de formación de la empresa,31.225,50.796,16.154,1.825
2021,EAL-24f,Si,"EMPRESAS DEL SECTOR SERVICIOS QUE PROPORCIONARON FORMACIÓN A SUS TRABAJADORES, SEGÚN GRADO DE LIMITACIÓN A LA FORMACIÓN  QUE SUPUSIERON CIERTOS MOTIVOS",La falta de cursos de formación adecuados en el mercado,30.153,42.341,21.571,5.935
2021,EAL-24f,Si,"EMPRESAS DEL SECTOR SERVICIOS QUE PROPORCIONARON FORMACIÓN A SUS TRABAJADORES, SEGÚN GRADO DE LIMITACIÓN A LA FORMACIÓN  QUE SUPUSIERON CIERTOS MOTIVOS",El alto coste de los cursos de formación,22.367,37.502,29.94,10.191
2021,EAL-24f,Si,"EMPRESAS DEL SECTOR SERVICIOS QUE PROPORCIONARON FORMACIÓN A SUS TRABAJADORES, SEGÚN GRADO DE LIMITACIÓN A LA FORMACIÓN  QUE SUPUSIERON CIERTOS MOTIVOS",El mayor esfuerzo realizado en años anteriores para ofrecer formación a sus trabajadores,32.675,41.653,22.613,3.058
2021,EAL-24f,Si,"EMPRESAS DEL SECTOR SERVICIOS QUE PROPORCIONARON FORMACIÓN A SUS TRABAJADORES, SEGÚN GRADO DE LIMITACIÓN A LA FORMACIÓN  QUE SUPUSIERON CIERTOS MOTIVOS",La elevada carga de trabajo y el escaso tiempo disponible de los empleados de su empresa,15.853,31.207,39.375,13.566
2021,EAL-24f,Si,"EMPRESAS DEL SECTOR SERVICIOS QUE PROPORCIONARON FORMACIÓN A SUS TRABAJADORES, SEGÚN GRADO DE LIMITACIÓN A LA FORMACIÓN  QUE SUPUSIERON CIERTOS MOTIVOS",Dificultad para acceder a ayudas o subvenciones públicas,23.134,37.848,28.331,10.687
2022,EAL-24,Si,"EMPRESAS QUE PROPORCIONARON FORMACIÓN A SUS TRABAJADORES, SEGÚN GRADO DE LIMITACIÓN A LA FORMACIÓN  QUE SUPUSIERON CIERTOS MOTIVOS ",El nivel de formación de los empleados era el apropiado para las necesidades de la empresa,6.678,18.954,58.916,15.452
2022,EAL-24,Si,"EMPRESAS QUE PROPORCIONARON FORMACIÓN A SUS TRABAJADORES, SEGÚN GRADO DE LIMITACIÓN A LA FORMACIÓN  QUE SUPUSIERON CIERTOS MOTIVOS ","La estrategia preferida de la empresa fue contratar personal con la cualificación, habilidades o competencias requeridas",18.231,28.405,42.455,10.91
2022,EAL-24,Si,"EMPRESAS QUE PROPORCIONARON FORMACIÓN A SUS TRABAJADORES, SEGÚN GRADO DE LIMITACIÓN A LA FORMACIÓN  QUE SUPUSIERON CIERTOS MOTIVOS ",Dificultad para evaluar la necesidades de formación de la empresa,26.082,57.363,14.48,2.075
2022,EAL-24,Si,"EMPRESAS QUE PROPORCIONARON FORMACIÓN A SUS TRABAJADORES, SEGÚN GRADO DE LIMITACIÓN A LA FORMACIÓN  QUE SUPUSIERON CIERTOS MOTIVOS ",La falta de cursos de formación adecuados en el mercado,22.951,47.662,23.214,6.173
2022,EAL-24,Si,"EMPRESAS QUE PROPORCIONARON FORMACIÓN A SUS TRABAJADORES, SEGÚN GRADO DE LIMITACIÓN A LA FORMACIÓN  QUE SUPUSIERON CIERTOS MOTIVOS ",El alto coste de los cursos de formación,17.484,38.316,32.39,11.81
2022,EAL-24,Si,"EMPRESAS QUE PROPORCIONARON FORMACIÓN A SUS TRABAJADORES, SEGÚN GRADO DE LIMITACIÓN A LA FORMACIÓN  QUE SUPUSIERON CIERTOS MOTIVOS ",El mayor esfuerzo realizado en años anteriores para ofrecer formación a sus trabajadores,26.686,42.646,27.847,2.821
2022,EAL-24,Si,"EMPRESAS QUE PROPORCIONARON FORMACIÓN A SUS TRABAJADORES, SEGÚN GRADO DE LIMITACIÓN A LA FORMACIÓN  QUE SUPUSIERON CIERTOS MOTIVOS ",La elevada carga de trabajo y el escaso tiempo disponible de los empleados de su empresa,12.034,30.964,42.493,14.509
2022,EAL-24,Si,"EMPRESAS QUE PROPORCIONARON FORMACIÓN A SUS TRABAJADORES, SEGÚN GRADO DE LIMITACIÓN A LA FORMACIÓN  QUE SUPUSIERON CIERTOS MOTIVOS ",Dificultad para acceder a ayudas o subvenciones públicas,19.705,38.017,29.851,12.427
2022,EAL-24c,Si,"EMPRESAS DE MÁS DE 499 TRABAJADORES QUE PROPORCIONARON FORMACIÓN A SUS TRABAJADORES, SEGÚN GRADO DE LIMITACIÓN A LA FORMACIÓN  QUE SUPUSIERON CIERTOS MOTIVOS",El nivel de formación de los empleados era el apropiado para las necesidades de la empresa,14.123,35.676,44.575,5.626
2022,EAL-24c,Si,"EMPRESAS DE MÁS DE 499 TRABAJADORES QUE PROPORCIONARON FORMACIÓN A SUS TRABAJADORES, SEGÚN GRADO DE LIMITACIÓN A LA FORMACIÓN  QUE SUPUSIERON CIERTOS MOTIVOS","La estrategia preferida de la empresa fue contratar personal con la cualificación, habilidades o competencias requeridas",16.417,46.069,31.678,5.836
2022,EAL-24c,Si,"EMPRESAS DE MÁS DE 499 TRABAJADORES QUE PROPORCIONARON FORMACIÓN A SUS TRABAJADORES, SEGÚN GRADO DE LIMITACIÓN A LA FORMACIÓN  QUE SUPUSIERON CIERTOS MOTIVOS",Dificultad para evaluar la necesidades de formación de la empresa,30.037,58.049,10.432,1.482
2022,EAL-24c,Si,"EMPRESAS DE MÁS DE 499 TRABAJADORES QUE PROPORCIONARON FORMACIÓN A SUS TRABAJADORES, SEGÚN GRADO DE LIMITACIÓN A LA FORMACIÓN  QUE SUPUSIERON CIERTOS MOTIVOS",La falta de cursos de formación adecuados en el mercado,26.826,56.381,15.109,1.683
2022,EAL-24c,Si,"EMPRESAS DE MÁS DE 499 TRABAJADORES QUE PROPORCIONARON FORMACIÓN A SUS TRABAJADORES, SEGÚN GRADO DE LIMITACIÓN A LA FORMACIÓN  QUE SUPUSIERON CIERTOS MOTIVOS",El alto coste de los cursos de formación,16.703,47.515,29.362,6.421
2022,EAL-24c,Si,"EMPRESAS DE MÁS DE 499 TRABAJADORES QUE PROPORCIONARON FORMACIÓN A SUS TRABAJADORES, SEGÚN GRADO DE LIMITACIÓN A LA FORMACIÓN  QUE SUPUSIERON CIERTOS MOTIVOS",El mayor esfuerzo realizado en años anteriores para ofrecer formación a sus trabajadores,28.677,50.462,19.522,1.339
2022,EAL-24c,Si,"EMPRESAS DE MÁS DE 499 TRABAJADORES QUE PROPORCIONARON FORMACIÓN A SUS TRABAJADORES, SEGÚN GRADO DE LIMITACIÓN A LA FORMACIÓN  QUE SUPUSIERON CIERTOS MOTIVOS",La elevada carga de trabajo y el escaso tiempo disponible de los empleados de su empresa,9.935,34.789,42.644,12.633
2022,EAL-24c,Si,"EMPRESAS DE MÁS DE 499 TRABAJADORES QUE PROPORCIONARON FORMACIÓN A SUS TRABAJADORES, SEGÚN GRADO DE LIMITACIÓN A LA FORMACIÓN  QUE SUPUSIERON CIERTOS MOTIVOS",Dificultad para acceder a ayudas o subvenciones públicas,29.987,47.693,18.017,4.302
2022,EAL-24f,Si,"EMPRESAS DEL SECTOR SERVICIOS QUE PROPORCIONARON FORMACIÓN A SUS TRABAJADORES, SEGÚN GRADO DE LIMITACIÓN A LA FORMACIÓN  QUE SUPUSIERON CIERTOS MOTIVOS",El nivel de formación de los empleados era el apropiado para las necesidades de la empresa,6.804,18.486,58.857,15.853
2022,EAL-24f,Si,"EMPRESAS DEL SECTOR SERVICIOS QUE PROPORCIONARON FORMACIÓN A SUS TRABAJADORES, SEGÚN GRADO DE LIMITACIÓN A LA FORMACIÓN  QUE SUPUSIERON CIERTOS MOTIVOS","La estrategia preferida de la empresa fue contratar personal con la cualificación, habilidades o competencias requeridas",17.78,27.601,43.014,11.605
2022,EAL-24f,Si,"EMPRESAS DEL SECTOR SERVICIOS QUE PROPORCIONARON FORMACIÓN A SUS TRABAJADORES, SEGÚN GRADO DE LIMITACIÓN A LA FORMACIÓN  QUE SUPUSIERON CIERTOS MOTIVOS",Dificultad para evaluar la necesidades de formación de la empresa,25.574,57.645,14.513,2.268
2022,EAL-24f,Si,"EMPRESAS DEL SECTOR SERVICIOS QUE PROPORCIONARON FORMACIÓN A SUS TRABAJADORES, SEGÚN GRADO DE LIMITACIÓN A LA FORMACIÓN  QUE SUPUSIERON CIERTOS MOTIVOS",La falta de cursos de formación adecuados en el mercado,22.54,47.566,23.787,6.107
2022,EAL-24f,Si,"EMPRESAS DEL SECTOR SERVICIOS QUE PROPORCIONARON FORMACIÓN A SUS TRABAJADORES, SEGÚN GRADO DE LIMITACIÓN A LA FORMACIÓN  QUE SUPUSIERON CIERTOS MOTIVOS",El alto coste de los cursos de formación,16.508,39.008,32.701,11.783
2022,EAL-24f,Si,"EMPRESAS DEL SECTOR SERVICIOS QUE PROPORCIONARON FORMACIÓN A SUS TRABAJADORES, SEGÚN GRADO DE LIMITACIÓN A LA FORMACIÓN  QUE SUPUSIERON CIERTOS MOTIVOS",El mayor esfuerzo realizado en años anteriores para ofrecer formación a sus trabajadores,27.979,42.148,27.487,2.386
2022,EAL-24f,Si,"EMPRESAS DEL SECTOR SERVICIOS QUE PROPORCIONARON FORMACIÓN A SUS TRABAJADORES, SEGÚN GRADO DE LIMITACIÓN A LA FORMACIÓN  QUE SUPUSIERON CIERTOS MOTIVOS",La elevada carga de trabajo y el escaso tiempo disponible de los empleados de su empresa,11.869,32.02,41.547,14.565
2022,EAL-24f,Si,"EMPRESAS DEL SECTOR SERVICIOS QUE PROPORCIONARON FORMACIÓN A SUS TRABAJADORES, SEGÚN GRADO DE LIMITACIÓN A LA FORMACIÓN  QUE SUPUSIERON CIERTOS MOTIVOS",Dificultad para acceder a ayudas o subvenciones públicas,19.474,38.007,30.02,12.499
2023,EAL-24,Si,"EMPRESAS QUE PROPORCIONARON FORMACIÓN A SUS TRABAJADORES, SEGÚN GRADO DE LIMITACIÓN A LA FORMACIÓN  QUE SUPUSIERON CIERTOS MOTIVOS ",El nivel de formación de los empleados era el apropiado para las necesidades de la empresa,7.302,18.32,57.562,16.816
2023,EAL-24,Si,"EMPRESAS QUE PROPORCIONARON FORMACIÓN A SUS TRABAJADORES, SEGÚN GRADO DE LIMITACIÓN A LA FORMACIÓN  QUE SUPUSIERON CIERTOS MOTIVOS ","La empresa prefirió contratar a personal con la cualificación, habilidades y competencias necesarias ",20.089,26.966,41.523,11.422
2023,EAL-24,Si,"EMPRESAS QUE PROPORCIONARON FORMACIÓN A SUS TRABAJADORES, SEGÚN GRADO DE LIMITACIÓN A LA FORMACIÓN  QUE SUPUSIERON CIERTOS MOTIVOS ",Dificultad para evaluar la necesidades de formación de la empresa,27.795,54.81,15.374,2.022
2023,EAL-24,Si,"EMPRESAS QUE PROPORCIONARON FORMACIÓN A SUS TRABAJADORES, SEGÚN GRADO DE LIMITACIÓN A LA FORMACIÓN  QUE SUPUSIERON CIERTOS MOTIVOS ",La falta de cursos de formación adecuados en el mercado,23.84,47.173,22.795,6.192
2023,EAL-24,Si,"EMPRESAS QUE PROPORCIONARON FORMACIÓN A SUS TRABAJADORES, SEGÚN GRADO DE LIMITACIÓN A LA FORMACIÓN  QUE SUPUSIERON CIERTOS MOTIVOS ",El alto coste de los cursos de formación,18.147,38.554,31.22,12.079
2023,EAL-24,Si,"EMPRESAS QUE PROPORCIONARON FORMACIÓN A SUS TRABAJADORES, SEGÚN GRADO DE LIMITACIÓN A LA FORMACIÓN  QUE SUPUSIERON CIERTOS MOTIVOS ",La empresa prefirió tener personal con contratos formativos o personal en formación por convenio de Formación profesional dual a proporcionar más formación a sus trabajadores ,66.327,24.697,7.328,1.649
2023,EAL-24,Si,"EMPRESAS QUE PROPORCIONARON FORMACIÓN A SUS TRABAJADORES, SEGÚN GRADO DE LIMITACIÓN A LA FORMACIÓN  QUE SUPUSIERON CIERTOS MOTIVOS ",El mayor esfuerzo realizado en años anteriores para ofrecer formación a sus trabajadores,26.143,43.09,27.615,3.153
2023,EAL-24,Si,"EMPRESAS QUE PROPORCIONARON FORMACIÓN A SUS TRABAJADORES, SEGÚN GRADO DE LIMITACIÓN A LA FORMACIÓN  QUE SUPUSIERON CIERTOS MOTIVOS ",La elevada carga de trabajo y el escaso tiempo disponible de los empleados de su empresa,12.229,31.458,40.032,16.28
2023,EAL-24,Si,"EMPRESAS QUE PROPORCIONARON FORMACIÓN A SUS TRABAJADORES, SEGÚN GRADO DE LIMITACIÓN A LA FORMACIÓN  QUE SUPUSIERON CIERTOS MOTIVOS ",Dificultad para acceder a ayudas o subvenciones públicas,20.258,38.406,28.19,13.146
2023,EAL-24,Si,"EMPRESAS QUE PROPORCIONARON FORMACIÓN A SUS TRABAJADORES, SEGÚN GRADO DE LIMITACIÓN A LA FORMACIÓN  QUE SUPUSIERON CIERTOS MOTIVOS ",Otras razones,60.856,29.2,7.392,2.552
2023,EAL-24c,Si,"EMPRESAS DE MÁS DE 499 TRABAJADORES QUE PROPORCIONARON FORMACIÓN A SUS TRABAJADORES, SEGÚN GRADO DE LIMITACIÓN A LA FORMACIÓN  QUE SUPUSIERON CIERTOS MOTIVOS",El nivel de formación de los empleados era el apropiado para las necesidades de la empresa,11.454,34.286,47.241,7.019
2023,EAL-24c,Si,"EMPRESAS DE MÁS DE 499 TRABAJADORES QUE PROPORCIONARON FORMACIÓN A SUS TRABAJADORES, SEGÚN GRADO DE LIMITACIÓN A LA FORMACIÓN  QUE SUPUSIERON CIERTOS MOTIVOS","La empresa prefirió contratar a personal con la cualificación, habilidades y competencias necesarias ",15.981,46.399,31.607,6.013
2023,EAL-24c,Si,"EMPRESAS DE MÁS DE 499 TRABAJADORES QUE PROPORCIONARON FORMACIÓN A SUS TRABAJADORES, SEGÚN GRADO DE LIMITACIÓN A LA FORMACIÓN  QUE SUPUSIERON CIERTOS MOTIVOS",Dificultad para evaluar la necesidades de formación de la empresa,30.083,56.321,12.241,1.355
2023,EAL-24c,Si,"EMPRESAS DE MÁS DE 499 TRABAJADORES QUE PROPORCIONARON FORMACIÓN A SUS TRABAJADORES, SEGÚN GRADO DE LIMITACIÓN A LA FORMACIÓN  QUE SUPUSIERON CIERTOS MOTIVOS",La falta de cursos de formación adecuados en el mercado,25.551,57.794,14.966,1.689
2023,EAL-24c,Si,"EMPRESAS DE MÁS DE 499 TRABAJADORES QUE PROPORCIONARON FORMACIÓN A SUS TRABAJADORES, SEGÚN GRADO DE LIMITACIÓN A LA FORMACIÓN  QUE SUPUSIERON CIERTOS MOTIVOS",El alto coste de los cursos de formación,15.639,47.126,32.007,5.228
2023,EAL-24c,Si,"EMPRESAS DE MÁS DE 499 TRABAJADORES QUE PROPORCIONARON FORMACIÓN A SUS TRABAJADORES, SEGÚN GRADO DE LIMITACIÓN A LA FORMACIÓN  QUE SUPUSIERON CIERTOS MOTIVOS",La empresa prefirió tener personal con contratos formativos o personal en formación por convenio de Formación profesional dual a proporcionar más formación a sus trabajadores ,62.147,32.974,4.216,0.664
2023,EAL-24c,Si,"EMPRESAS DE MÁS DE 499 TRABAJADORES QUE PROPORCIONARON FORMACIÓN A SUS TRABAJADORES, SEGÚN GRADO DE LIMITACIÓN A LA FORMACIÓN  QUE SUPUSIERON CIERTOS MOTIVOS",El mayor esfuerzo realizado en años anteriores para ofrecer formación a sus trabajadores,26.04,48.544,23.18,2.236
2023,EAL-24c,Si,"EMPRESAS DE MÁS DE 499 TRABAJADORES QUE PROPORCIONARON FORMACIÓN A SUS TRABAJADORES, SEGÚN GRADO DE LIMITACIÓN A LA FORMACIÓN  QUE SUPUSIERON CIERTOS MOTIVOS",La elevada carga de trabajo y el escaso tiempo disponible de los empleados de su empresa,10.175,39.526,38.271,12.027
2023,EAL-24c,Si,"EMPRESAS DE MÁS DE 499 TRABAJADORES QUE PROPORCIONARON FORMACIÓN A SUS TRABAJADORES, SEGÚN GRADO DE LIMITACIÓN A LA FORMACIÓN  QUE SUPUSIERON CIERTOS MOTIVOS",Dificultad para acceder a ayudas o subvenciones públicas,28.352,49.642,18.032,3.975
2023,EAL-24c,Si,"EMPRESAS DE MÁS DE 499 TRABAJADORES QUE PROPORCIONARON FORMACIÓN A SUS TRABAJADORES, SEGÚN GRADO DE LIMITACIÓN A LA FORMACIÓN  QUE SUPUSIERON CIERTOS MOTIVOS",Otras razones,62.225,30.997,4.925,1.853
2023,EAL-24f,Si,"EMPRESAS DEL SECTOR SERVICIOS QUE PROPORCIONARON FORMACIÓN A SUS TRABAJADORES, SEGÚN GRADO DE LIMITACIÓN A LA FORMACIÓN  QUE SUPUSIERON CIERTOS MOTIVOS",El nivel de formación de los empleados era el apropiado para las necesidades de la empresa,8.198,17.574,56.83,17.398
2023,EAL-24f,Si,"EMPRESAS DEL SECTOR SERVICIOS QUE PROPORCIONARON FORMACIÓN A SUS TRABAJADORES, SEGÚN GRADO DE LIMITACIÓN A LA FORMACIÓN  QUE SUPUSIERON CIERTOS MOTIVOS","La empresa prefirió contratar a personal con la cualificación, habilidades y competencias necesarias ",20.622,25.614,41.983,11.781
2023,EAL-24f,Si,"EMPRESAS DEL SECTOR SERVICIOS QUE PROPORCIONARON FORMACIÓN A SUS TRABAJADORES, SEGÚN GRADO DE LIMITACIÓN A LA FORMACIÓN  QUE SUPUSIERON CIERTOS MOTIVOS",Dificultad para evaluar la necesidades de formación de la empresa,28.524,54.054,15.397,2.025
2023,EAL-24f,Si,"EMPRESAS DEL SECTOR SERVICIOS QUE PROPORCIONARON FORMACIÓN A SUS TRABAJADORES, SEGÚN GRADO DE LIMITACIÓN A LA FORMACIÓN  QUE SUPUSIERON CIERTOS MOTIVOS",La falta de cursos de formación adecuados en el mercado,25.199,46.846,21.676,6.28
2023,EAL-24f,Si,"EMPRESAS DEL SECTOR SERVICIOS QUE PROPORCIONARON FORMACIÓN A SUS TRABAJADORES, SEGÚN GRADO DE LIMITACIÓN A LA FORMACIÓN  QUE SUPUSIERON CIERTOS MOTIVOS",El alto coste de los cursos de formación,19.205,39.063,30.317,11.415
2023,EAL-24f,Si,"EMPRESAS DEL SECTOR SERVICIOS QUE PROPORCIONARON FORMACIÓN A SUS TRABAJADORES, SEGÚN GRADO DE LIMITACIÓN A LA FORMACIÓN  QUE SUPUSIERON CIERTOS MOTIVOS",La empresa prefirió tener personal con contratos formativos o personal en formación por convenio de Formación profesional dual a proporcionar más formación a sus trabajadores ,66.277,24.852,7.195,1.677
2023,EAL-24f,Si,"EMPRESAS DEL SECTOR SERVICIOS QUE PROPORCIONARON FORMACIÓN A SUS TRABAJADORES, SEGÚN GRADO DE LIMITACIÓN A LA FORMACIÓN  QUE SUPUSIERON CIERTOS MOTIVOS",El mayor esfuerzo realizado en años anteriores para ofrecer formación a sus trabajadores,27.157,43.202,26.888,2.753
2023,EAL-24f,Si,"EMPRESAS DEL SECTOR SERVICIOS QUE PROPORCIONARON FORMACIÓN A SUS TRABAJADORES, SEGÚN GRADO DE LIMITACIÓN A LA FORMACIÓN  QUE SUPUSIERON CIERTOS MOTIVOS",La elevada carga de trabajo y el escaso tiempo disponible de los empleados de su empresa,12.425,31.689,39.563,16.323
2023,EAL-24f,Si,"EMPRESAS DEL SECTOR SERVICIOS QUE PROPORCIONARON FORMACIÓN A SUS TRABAJADORES, SEGÚN GRADO DE LIMITACIÓN A LA FORMACIÓN  QUE SUPUSIERON CIERTOS MOTIVOS",Dificultad para acceder a ayudas o subvenciones públicas,20.418,38.416,28.291,12.876
2023,EAL-24f,Si,"EMPRESAS DEL SECTOR SERVICIOS QUE PROPORCIONARON FORMACIÓN A SUS TRABAJADORES, SEGÚN GRADO DE LIMITACIÓN A LA FORMACIÓN  QUE SUPUSIERON CIERTOS MOTIVOS",Otras razones,60.758,29.204,7.416,2.621
2024,EAL-24,Si,EMPRESAS QUE PROPORCIONARON FORMACIÓN A SUS TRABAJADORES SEGÚN GRADO DE LIMITACIÓN A LA FORMACIÓN  QUE SUPUSIERON CIERTOS MOTIVOS ,El nivel de formación de los empleados era el apropiado para las necesidades de la empresa,8.964,19.548,53.724,17.765
2024,EAL-24,Si,EMPRESAS QUE PROPORCIONARON FORMACIÓN A SUS TRABAJADORES SEGÚN GRADO DE LIMITACIÓN A LA FORMACIÓN  QUE SUPUSIERON CIERTOS MOTIVOS ,"La empresa prefirió contratar a personal con la cualificación, habilidades y competencias necesarias ",21.954,25.684,39.843,12.519
2024,EAL-24,Si,EMPRESAS QUE PROPORCIONARON FORMACIÓN A SUS TRABAJADORES SEGÚN GRADO DE LIMITACIÓN A LA FORMACIÓN  QUE SUPUSIERON CIERTOS MOTIVOS ,Dificultad para evaluar la necesidades de formación de la empresa,31.45,51.904,14.719,1.928
2024,EAL-24,Si,EMPRESAS QUE PROPORCIONARON FORMACIÓN A SUS TRABAJADORES SEGÚN GRADO DE LIMITACIÓN A LA FORMACIÓN  QUE SUPUSIERON CIERTOS MOTIVOS ,La falta de cursos de formación adecuados en el mercado,26.775,45.123,20.708,7.394
2024,EAL-24,Si,EMPRESAS QUE PROPORCIONARON FORMACIÓN A SUS TRABAJADORES SEGÚN GRADO DE LIMITACIÓN A LA FORMACIÓN  QUE SUPUSIERON CIERTOS MOTIVOS ,El alto coste de los cursos de formación,21.532,36.681,28.491,13.295
2024,EAL-24,Si,EMPRESAS QUE PROPORCIONARON FORMACIÓN A SUS TRABAJADORES SEGÚN GRADO DE LIMITACIÓN A LA FORMACIÓN  QUE SUPUSIERON CIERTOS MOTIVOS ,La empresa prefirió tener personal con contratos formativos o personal en formación por convenio de Formación profesional dual a proporcionar más formación a sus trabajadores ,68.584,23.204,6.415,1.797
2024,EAL-24,Si,EMPRESAS QUE PROPORCIONARON FORMACIÓN A SUS TRABAJADORES SEGÚN GRADO DE LIMITACIÓN A LA FORMACIÓN  QUE SUPUSIERON CIERTOS MOTIVOS ,El mayor esfuerzo realizado en años anteriores para ofrecer formación a sus trabajadores,32.592,42.286,20.426,4.696
2024,EAL-24,Si,EMPRESAS QUE PROPORCIONARON FORMACIÓN A SUS TRABAJADORES SEGÚN GRADO DE LIMITACIÓN A LA FORMACIÓN  QUE SUPUSIERON CIERTOS MOTIVOS ,La elevada carga de trabajo y el escaso tiempo disponible de los empleados de su empresa,15.221,28.392,39.031,17.356
2024,EAL-24,Si,EMPRESAS QUE PROPORCIONARON FORMACIÓN A SUS TRABAJADORES SEGÚN GRADO DE LIMITACIÓN A LA FORMACIÓN  QUE SUPUSIERON CIERTOS MOTIVOS ,Dificultad para acceder a ayudas o subvenciones públicas,25.833,36.915,23.157,14.095
2024,EAL-24,Si,EMPRESAS QUE PROPORCIONARON FORMACIÓN A SUS TRABAJADORES SEGÚN GRADO DE LIMITACIÓN A LA FORMACIÓN  QUE SUPUSIERON CIERTOS MOTIVOS ,Otras razones,68.296,22.73,5.969,3.004
2024,EAL-24c,Si,EMPRESAS DE MÁS DE 499 TRABAJADORES QUE PROPORCIONARON FORMACIÓN A SUS TRABAJADORES SEGÚN GRADO DE LIMITACIÓN A LA FORMACIÓN  QUE SUPUSIERON CIERTOS MOTIVOS,El nivel de formación de los empleados era el apropiado para las necesidades de la empresa,12.96,33.75,47.697,5.594
2024,EAL-24c,Si,EMPRESAS DE MÁS DE 499 TRABAJADORES QUE PROPORCIONARON FORMACIÓN A SUS TRABAJADORES SEGÚN GRADO DE LIMITACIÓN A LA FORMACIÓN  QUE SUPUSIERON CIERTOS MOTIVOS,"La empresa prefirió contratar a personal con la cualificación, habilidades y competencias necesarias ",16.438,45.815,31.742,6.005
2024,EAL-24c,Si,EMPRESAS DE MÁS DE 499 TRABAJADORES QUE PROPORCIONARON FORMACIÓN A SUS TRABAJADORES SEGÚN GRADO DE LIMITACIÓN A LA FORMACIÓN  QUE SUPUSIERON CIERTOS MOTIVOS,Dificultad para evaluar la necesidades de formación de la empresa,31.285,55.211,12.062,1.442
2024,EAL-24c,Si,EMPRESAS DE MÁS DE 499 TRABAJADORES QUE PROPORCIONARON FORMACIÓN A SUS TRABAJADORES SEGÚN GRADO DE LIMITACIÓN A LA FORMACIÓN  QUE SUPUSIERON CIERTOS MOTIVOS,La falta de cursos de formación adecuados en el mercado,26.306,53.799,17.182,2.713
2024,EAL-24c,Si,EMPRESAS DE MÁS DE 499 TRABAJADORES QUE PROPORCIONARON FORMACIÓN A SUS TRABAJADORES SEGÚN GRADO DE LIMITACIÓN A LA FORMACIÓN  QUE SUPUSIERON CIERTOS MOTIVOS,El alto coste de los cursos de formación,17.847,44.584,30.667,6.903
2024,EAL-24c,Si,EMPRESAS DE MÁS DE 499 TRABAJADORES QUE PROPORCIONARON FORMACIÓN A SUS TRABAJADORES SEGÚN GRADO DE LIMITACIÓN A LA FORMACIÓN  QUE SUPUSIERON CIERTOS MOTIVOS,La empresa prefirió tener personal con contratos formativos o personal en formación por convenio de Formación profesional dual a proporcionar más formación a sus trabajadores ,67.016,27.424,5.012,0.548
2024,EAL-24c,Si,EMPRESAS DE MÁS DE 499 TRABAJADORES QUE PROPORCIONARON FORMACIÓN A SUS TRABAJADORES SEGÚN GRADO DE LIMITACIÓN A LA FORMACIÓN  QUE SUPUSIERON CIERTOS MOTIVOS,El mayor esfuerzo realizado en años anteriores para ofrecer formación a sus trabajadores,30.689,47.535,19.701,2.075
2024,EAL-24c,Si,EMPRESAS DE MÁS DE 499 TRABAJADORES QUE PROPORCIONARON FORMACIÓN A SUS TRABAJADORES SEGÚN GRADO DE LIMITACIÓN A LA FORMACIÓN  QUE SUPUSIERON CIERTOS MOTIVOS,La elevada carga de trabajo y el escaso tiempo disponible de los empleados de su empresa,10.645,34.299,41.209,13.847
2024,EAL-24c,Si,EMPRESAS DE MÁS DE 499 TRABAJADORES QUE PROPORCIONARON FORMACIÓN A SUS TRABAJADORES SEGÚN GRADO DE LIMITACIÓN A LA FORMACIÓN  QUE SUPUSIERON CIERTOS MOTIVOS,Dificultad para acceder a ayudas o subvenciones públicas,32.125,44.83,17.307,5.739
2024,EAL-24c,Si,EMPRESAS DE MÁS DE 499 TRABAJADORES QUE PROPORCIONARON FORMACIÓN A SUS TRABAJADORES SEGÚN GRADO DE LIMITACIÓN A LA FORMACIÓN  QUE SUPUSIERON CIERTOS MOTIVOS,Otras razones,66.751,25.775,5.614,1.86
2024,EAL-24f,Si,EMPRESAS DEL SECTOR SERVICIOS QUE PROPORCIONARON FORMACIÓN A SUS TRABAJADORES SEGÚN GRADO DE LIMITACIÓN A LA FORMACIÓN  QUE SUPUSIERON CIERTOS MOTIVOS,El nivel de formación de los empleados era el apropiado para las necesidades de la empresa,9.804,19.018,52.966,18.212
2024,EAL-24f,Si,EMPRESAS DEL SECTOR SERVICIOS QUE PROPORCIONARON FORMACIÓN A SUS TRABAJADORES SEGÚN GRADO DE LIMITACIÓN A LA FORMACIÓN  QUE SUPUSIERON CIERTOS MOTIVOS,"La empresa prefirió contratar a personal con la cualificación, habilidades y competencias necesarias ",22.127,24.242,40.054,13.577
2024,EAL-24f,Si,EMPRESAS DEL SECTOR SERVICIOS QUE PROPORCIONARON FORMACIÓN A SUS TRABAJADORES SEGÚN GRADO DE LIMITACIÓN A LA FORMACIÓN  QUE SUPUSIERON CIERTOS MOTIVOS,Dificultad para evaluar la necesidades de formación de la empresa,31.896,51.337,14.996,1.771
2024,EAL-24f,Si,EMPRESAS DEL SECTOR SERVICIOS QUE PROPORCIONARON FORMACIÓN A SUS TRABAJADORES SEGÚN GRADO DE LIMITACIÓN A LA FORMACIÓN  QUE SUPUSIERON CIERTOS MOTIVOS,La falta de cursos de formación adecuados en el mercado,27.241,45.197,20.15,7.413
2024,EAL-24f,Si,EMPRESAS DEL SECTOR SERVICIOS QUE PROPORCIONARON FORMACIÓN A SUS TRABAJADORES SEGÚN GRADO DE LIMITACIÓN A LA FORMACIÓN  QUE SUPUSIERON CIERTOS MOTIVOS,El alto coste de los cursos de formación,21.275,36.415,28.771,13.539
2024,EAL-24f,Si,EMPRESAS DEL SECTOR SERVICIOS QUE PROPORCIONARON FORMACIÓN A SUS TRABAJADORES SEGÚN GRADO DE LIMITACIÓN A LA FORMACIÓN  QUE SUPUSIERON CIERTOS MOTIVOS,La empresa prefirió tener personal con contratos formativos o personal en formación por convenio de Formación profesional dual a proporcionar más formación a sus trabajadores ,69.942,22.01,6.172,1.876
2024,EAL-24f,Si,EMPRESAS DEL SECTOR SERVICIOS QUE PROPORCIONARON FORMACIÓN A SUS TRABAJADORES SEGÚN GRADO DE LIMITACIÓN A LA FORMACIÓN  QUE SUPUSIERON CIERTOS MOTIVOS,El mayor esfuerzo realizado en años anteriores para ofrecer formación a sus trabajadores,34.423,42.09,19.098,4.389
2024,EAL-24f,Si,EMPRESAS DEL SECTOR SERVICIOS QUE PROPORCIONARON FORMACIÓN A SUS TRABAJADORES SEGÚN GRADO DE LIMITACIÓN A LA FORMACIÓN  QUE SUPUSIERON CIERTOS MOTIVOS,La elevada carga de trabajo y el escaso tiempo disponible de los empleados de su empresa,15.595,28.249,38.791,17.365
2024,EAL-24f,Si,EMPRESAS DEL SECTOR SERVICIOS QUE PROPORCIONARON FORMACIÓN A SUS TRABAJADORES SEGÚN GRADO DE LIMITACIÓN A LA FORMACIÓN  QUE SUPUSIERON CIERTOS MOTIVOS,Dificultad para acceder a ayudas o subvenciones públicas,26.134,36.469,22.508,14.89
2024,EAL-24f,Si,EMPRESAS DEL SECTOR SERVICIOS QUE PROPORCIONARON FORMACIÓN A SUS TRABAJADORES SEGÚN GRADO DE LIMITACIÓN A LA FORMACIÓN  QUE SUPUSIERON CIERTOS MOTIVOS,Otras razones,69.01,21.876,5.87,3.245
2020,EAL-25,No,"EMPRESAS QUE NO PROPORCIONARON FORMACIÓN A SUS TRABAJADORES, SEGÚN GRADO DE INFLUENCIA QUE SUPUSIERON CIERTOS MOTIVOS PARA NO PROPORCIONAR FORMACIÓN ",El nivel de formación de los empleados era el apropiado para las necesidades de la empresa,10.844,6.873,48.706,33.577
2020,EAL-25,No,"EMPRESAS QUE NO PROPORCIONARON FORMACIÓN A SUS TRABAJADORES, SEGÚN GRADO DE INFLUENCIA QUE SUPUSIERON CIERTOS MOTIVOS PARA NO PROPORCIONAR FORMACIÓN ","La estrategia preferida de la empresa fue contratar personal con la cualificación, habilidades o competencias requeridas",36.612,12.757,33.864,16.768
2020,EAL-25,No,"EMPRESAS QUE NO PROPORCIONARON FORMACIÓN A SUS TRABAJADORES, SEGÚN GRADO DE INFLUENCIA QUE SUPUSIERON CIERTOS MOTIVOS PARA NO PROPORCIONAR FORMACIÓN ",Dificultad para evaluar la necesidades de formación de la empresa,47.492,36.964,13.09,2.454
2020,EAL-25,No,"EMPRESAS QUE NO PROPORCIONARON FORMACIÓN A SUS TRABAJADORES, SEGÚN GRADO DE INFLUENCIA QUE SUPUSIERON CIERTOS MOTIVOS PARA NO PROPORCIONAR FORMACIÓN ",La falta de cursos de formación adecuados en el mercado,41.245,30.356,20.72,7.68
2020,EAL-25,No,"EMPRESAS QUE NO PROPORCIONARON FORMACIÓN A SUS TRABAJADORES, SEGÚN GRADO DE INFLUENCIA QUE SUPUSIERON CIERTOS MOTIVOS PARA NO PROPORCIONAR FORMACIÓN ",El alto coste de los cursos de formación,39.785,27.504,24.127,8.584
2020,EAL-25,No,"EMPRESAS QUE NO PROPORCIONARON FORMACIÓN A SUS TRABAJADORES, SEGÚN GRADO DE INFLUENCIA QUE SUPUSIERON CIERTOS MOTIVOS PARA NO PROPORCIONAR FORMACIÓN ",El mayor esfuerzo realizado en años anteriores para ofrecer formación a sus trabajadores,51.816,24.652,19.63,3.901
2020,EAL-25,No,"EMPRESAS QUE NO PROPORCIONARON FORMACIÓN A SUS TRABAJADORES, SEGÚN GRADO DE INFLUENCIA QUE SUPUSIERON CIERTOS MOTIVOS PARA NO PROPORCIONAR FORMACIÓN ",La elevada carga de trabajo y el escaso tiempo disponible de los empleados de su empresa,34.268,22.458,30.101,13.172
2020,EAL-25,No,"EMPRESAS QUE NO PROPORCIONARON FORMACIÓN A SUS TRABAJADORES, SEGÚN GRADO DE INFLUENCIA QUE SUPUSIERON CIERTOS MOTIVOS PARA NO PROPORCIONAR FORMACIÓN ",Dificultad para acceder a ayudas o subvenciones públicas,41.162,27.661,21.691,9.486
2020,EAL-25b,No,"EMPRESAS DE 50 O MÁS TRABAJADORES QUE NO PROPORCIONARON FORMACIÓN A SUS TRABAJADORES, SEGÚN GRADO DE INFLUENCIA QUE SUPUSIERON CIERTOS MOTIVOS PARA NO PROPORCIONAR FORMACIÓN ",El nivel de formación de los empleados era el apropiado para las necesidades de la empresa,24.237,8.513,44.806,22.444
2020,EAL-25b,No,"EMPRESAS DE 50 O MÁS TRABAJADORES QUE NO PROPORCIONARON FORMACIÓN A SUS TRABAJADORES, SEGÚN GRADO DE INFLUENCIA QUE SUPUSIERON CIERTOS MOTIVOS PARA NO PROPORCIONAR FORMACIÓN ","La estrategia preferida de la empresa fue contratar personal con la cualificación, habilidades o competencias requeridas",38.276,17.954,27.328,16.443
2020,EAL-25b,No,"EMPRESAS DE 50 O MÁS TRABAJADORES QUE NO PROPORCIONARON FORMACIÓN A SUS TRABAJADORES, SEGÚN GRADO DE INFLUENCIA QUE SUPUSIERON CIERTOS MOTIVOS PARA NO PROPORCIONAR FORMACIÓN ",Dificultad para evaluar la necesidades de formación de la empresa,49.456,30.866,17.119,2.558
2020,EAL-25b,No,"EMPRESAS DE 50 O MÁS TRABAJADORES QUE NO PROPORCIONARON FORMACIÓN A SUS TRABAJADORES, SEGÚN GRADO DE INFLUENCIA QUE SUPUSIERON CIERTOS MOTIVOS PARA NO PROPORCIONAR FORMACIÓN ",La falta de cursos de formación adecuados en el mercado,49.977,30.685,12.814,6.525
2020,EAL-25b,No,"EMPRESAS DE 50 O MÁS TRABAJADORES QUE NO PROPORCIONARON FORMACIÓN A SUS TRABAJADORES, SEGÚN GRADO DE INFLUENCIA QUE SUPUSIERON CIERTOS MOTIVOS PARA NO PROPORCIONAR FORMACIÓN ",El alto coste de los cursos de formación,47.284,31.183,13.884,7.649
2020,EAL-25b,No,"EMPRESAS DE 50 O MÁS TRABAJADORES QUE NO PROPORCIONARON FORMACIÓN A SUS TRABAJADORES, SEGÚN GRADO DE INFLUENCIA QUE SUPUSIERON CIERTOS MOTIVOS PARA NO PROPORCIONAR FORMACIÓN ",El mayor esfuerzo realizado en años anteriores para ofrecer formación a sus trabajadores,52.131,26.164,16.083,5.621
2020,EAL-25b,No,"EMPRESAS DE 50 O MÁS TRABAJADORES QUE NO PROPORCIONARON FORMACIÓN A SUS TRABAJADORES, SEGÚN GRADO DE INFLUENCIA QUE SUPUSIERON CIERTOS MOTIVOS PARA NO PROPORCIONAR FORMACIÓN ",La elevada carga de trabajo y el escaso tiempo disponible de los empleados de su empresa,38,20.272,27.336,14.392
2020,EAL-25b,No,"EMPRESAS DE 50 O MÁS TRABAJADORES QUE NO PROPORCIONARON FORMACIÓN A SUS TRABAJADORES, SEGÚN GRADO DE INFLUENCIA QUE SUPUSIERON CIERTOS MOTIVOS PARA NO PROPORCIONAR FORMACIÓN ",Dificultad para acceder a ayudas o subvenciones públicas,48.459,31.998,13.072,6.471
2020,EAL-25e,No,"EMPRESAS DEL SECTOR SERVICIOS QUE NO PROPORCIONARON FORMACIÓN A SUS TRABAJADORES, SEGÚN GRADO DE INFLUENCIA QUE SUPUSIERON CIERTOS MOTIVOS PARA NO PROPORCIONAR FORMACIÓN ",El nivel de formación de los empleados era el apropiado para las necesidades de la empresa,11.613,7.556,47.919,32.912
2020,EAL-25e,No,"EMPRESAS DEL SECTOR SERVICIOS QUE NO PROPORCIONARON FORMACIÓN A SUS TRABAJADORES, SEGÚN GRADO DE INFLUENCIA QUE SUPUSIERON CIERTOS MOTIVOS PARA NO PROPORCIONAR FORMACIÓN ","La estrategia preferida de la empresa fue contratar personal con la cualificación, habilidades o competencias requeridas",35.701,12.124,34.572,17.603
2020,EAL-25e,No,"EMPRESAS DEL SECTOR SERVICIOS QUE NO PROPORCIONARON FORMACIÓN A SUS TRABAJADORES, SEGÚN GRADO DE INFLUENCIA QUE SUPUSIERON CIERTOS MOTIVOS PARA NO PROPORCIONAR FORMACIÓN ",Dificultad para evaluar la necesidades de formación de la empresa,47.079,37.541,12.805,2.575
2020,EAL-25e,No,"EMPRESAS DEL SECTOR SERVICIOS QUE NO PROPORCIONARON FORMACIÓN A SUS TRABAJADORES, SEGÚN GRADO DE INFLUENCIA QUE SUPUSIERON CIERTOS MOTIVOS PARA NO PROPORCIONAR FORMACIÓN ",La falta de cursos de formación adecuados en el mercado,41.542,30.481,20.559,7.418
2020,EAL-25e,No,"EMPRESAS DEL SECTOR SERVICIOS QUE NO PROPORCIONARON FORMACIÓN A SUS TRABAJADORES, SEGÚN GRADO DE INFLUENCIA QUE SUPUSIERON CIERTOS MOTIVOS PARA NO PROPORCIONAR FORMACIÓN ",El alto coste de los cursos de formación,40.697,27.284,23.808,8.211
2020,EAL-25e,No,"EMPRESAS DEL SECTOR SERVICIOS QUE NO PROPORCIONARON FORMACIÓN A SUS TRABAJADORES, SEGÚN GRADO DE INFLUENCIA QUE SUPUSIERON CIERTOS MOTIVOS PARA NO PROPORCIONAR FORMACIÓN ",El mayor esfuerzo realizado en años anteriores para ofrecer formación a sus trabajadores,53.416,24.433,18.999,3.152
2020,EAL-25e,No,"EMPRESAS DEL SECTOR SERVICIOS QUE NO PROPORCIONARON FORMACIÓN A SUS TRABAJADORES, SEGÚN GRADO DE INFLUENCIA QUE SUPUSIERON CIERTOS MOTIVOS PARA NO PROPORCIONAR FORMACIÓN ",La elevada carga de trabajo y el escaso tiempo disponible de los empleados de su empresa,35.497,22.639,28.843,13.021
2020,EAL-25e,No,"EMPRESAS DEL SECTOR SERVICIOS QUE NO PROPORCIONARON FORMACIÓN A SUS TRABAJADORES, SEGÚN GRADO DE INFLUENCIA QUE SUPUSIERON CIERTOS MOTIVOS PARA NO PROPORCIONAR FORMACIÓN ",Dificultad para acceder a ayudas o subvenciones públicas,41.82,27.156,21.519,9.505
2021,EAL-25,No,"EMPRESAS QUE NO PROPORCIONARON FORMACIÓN A SUS TRABAJADORES, SEGÚN GRADO DE INFLUENCIA QUE SUPUSIERON CIERTOS MOTIVOS PARA NO PROPORCIONAR FORMACIÓN ",El nivel de formación de los empleados era el apropiado para las necesidades de la empresa,8.252,11.022,49.075,31.65
2021,EAL-25,No,"EMPRESAS QUE NO PROPORCIONARON FORMACIÓN A SUS TRABAJADORES, SEGÚN GRADO DE INFLUENCIA QUE SUPUSIERON CIERTOS MOTIVOS PARA NO PROPORCIONAR FORMACIÓN ","La estrategia preferida de la empresa fue contratar personal con la cualificación, habilidades o competencias requeridas",22.656,16.102,41.784,19.458
2021,EAL-25,No,"EMPRESAS QUE NO PROPORCIONARON FORMACIÓN A SUS TRABAJADORES, SEGÚN GRADO DE INFLUENCIA QUE SUPUSIERON CIERTOS MOTIVOS PARA NO PROPORCIONAR FORMACIÓN ",Dificultad para evaluar la necesidades de formación de la empresa,32.646,45.35,18.455,3.548
2021,EAL-25,No,"EMPRESAS QUE NO PROPORCIONARON FORMACIÓN A SUS TRABAJADORES, SEGÚN GRADO DE INFLUENCIA QUE SUPUSIERON CIERTOS MOTIVOS PARA NO PROPORCIONAR FORMACIÓN ",La falta de cursos de formación adecuados en el mercado,32.612,40.011,23.237,4.14
2021,EAL-25,No,"EMPRESAS QUE NO PROPORCIONARON FORMACIÓN A SUS TRABAJADORES, SEGÚN GRADO DE INFLUENCIA QUE SUPUSIERON CIERTOS MOTIVOS PARA NO PROPORCIONAR FORMACIÓN ",El alto coste de los cursos de formación,32.471,35.402,24.192,7.935
2021,EAL-25,No,"EMPRESAS QUE NO PROPORCIONARON FORMACIÓN A SUS TRABAJADORES, SEGÚN GRADO DE INFLUENCIA QUE SUPUSIERON CIERTOS MOTIVOS PARA NO PROPORCIONAR FORMACIÓN ",La empresa prefirió tener personal con contrato de formación y aprendizaje o formación por convenio de formación profesional dual,72.632,18.771,7.048,1.549
2021,EAL-25,No,"EMPRESAS QUE NO PROPORCIONARON FORMACIÓN A SUS TRABAJADORES, SEGÚN GRADO DE INFLUENCIA QUE SUPUSIERON CIERTOS MOTIVOS PARA NO PROPORCIONAR FORMACIÓN ",El mayor esfuerzo realizado en años anteriores para ofrecer formación a sus trabajadores,42.927,33.179,20.706,3.189
2021,EAL-25,No,"EMPRESAS QUE NO PROPORCIONARON FORMACIÓN A SUS TRABAJADORES, SEGÚN GRADO DE INFLUENCIA QUE SUPUSIERON CIERTOS MOTIVOS PARA NO PROPORCIONAR FORMACIÓN ",La elevada carga de trabajo y el escaso tiempo disponible de los empleados de su empresa,29.947,24.183,35.038,10.832
2021,EAL-25,No,"EMPRESAS QUE NO PROPORCIONARON FORMACIÓN A SUS TRABAJADORES, SEGÚN GRADO DE INFLUENCIA QUE SUPUSIERON CIERTOS MOTIVOS PARA NO PROPORCIONAR FORMACIÓN ",Dificultad para acceder a ayudas o subvenciones públicas,33.525,33.42,26.36,6.694
2021,EAL-25,No,"EMPRESAS QUE NO PROPORCIONARON FORMACIÓN A SUS TRABAJADORES, SEGÚN GRADO DE INFLUENCIA QUE SUPUSIERON CIERTOS MOTIVOS PARA NO PROPORCIONAR FORMACIÓN ",Cancelación o aplazamiento de las actividades de formación debido a las restricciones por COVID,43.909,30.088,17.546,8.457
2021,EAL-25,No,"EMPRESAS QUE NO PROPORCIONARON FORMACIÓN A SUS TRABAJADORES, SEGÚN GRADO DE INFLUENCIA QUE SUPUSIERON CIERTOS MOTIVOS PARA NO PROPORCIONAR FORMACIÓN ",Otras razones,61.03,25.17,10.355,3.445
2021,EAL-25b,No,"EMPRESAS DE 50 O MÁS TRABAJADORES QUE NO PROPORCIONARON FORMACIÓN A SUS TRABAJADORES, SEGÚN GRADO DE INFLUENCIA QUE SUPUSIERON CIERTOS MOTIVOS PARA NO PROPORCIONAR FORMACIÓN ",El nivel de formación de los empleados era el apropiado para las necesidades de la empresa,10.171,23.72,45.158,20.951
2021,EAL-25b,No,"EMPRESAS DE 50 O MÁS TRABAJADORES QUE NO PROPORCIONARON FORMACIÓN A SUS TRABAJADORES, SEGÚN GRADO DE INFLUENCIA QUE SUPUSIERON CIERTOS MOTIVOS PARA NO PROPORCIONAR FORMACIÓN ","La estrategia preferida de la empresa fue contratar personal con la cualificación, habilidades o competencias requeridas",17.406,29.846,36.933,15.816
2021,EAL-25b,No,"EMPRESAS DE 50 O MÁS TRABAJADORES QUE NO PROPORCIONARON FORMACIÓN A SUS TRABAJADORES, SEGÚN GRADO DE INFLUENCIA QUE SUPUSIERON CIERTOS MOTIVOS PARA NO PROPORCIONAR FORMACIÓN ",Dificultad para evaluar la necesidades de formación de la empresa,27.873,51.618,16.956,3.553
2021,EAL-25b,No,"EMPRESAS DE 50 O MÁS TRABAJADORES QUE NO PROPORCIONARON FORMACIÓN A SUS TRABAJADORES, SEGÚN GRADO DE INFLUENCIA QUE SUPUSIERON CIERTOS MOTIVOS PARA NO PROPORCIONAR FORMACIÓN ",La falta de cursos de formación adecuados en el mercado,23.111,55.293,15.393,6.203
2021,EAL-25b,No,"EMPRESAS DE 50 O MÁS TRABAJADORES QUE NO PROPORCIONARON FORMACIÓN A SUS TRABAJADORES, SEGÚN GRADO DE INFLUENCIA QUE SUPUSIERON CIERTOS MOTIVOS PARA NO PROPORCIONAR FORMACIÓN ",El alto coste de los cursos de formación,22.847,49.599,22.598,4.956
2021,EAL-25b,No,"EMPRESAS DE 50 O MÁS TRABAJADORES QUE NO PROPORCIONARON FORMACIÓN A SUS TRABAJADORES, SEGÚN GRADO DE INFLUENCIA QUE SUPUSIERON CIERTOS MOTIVOS PARA NO PROPORCIONAR FORMACIÓN ",La empresa prefirió tener personal con contrato de formación y aprendizaje o formación por convenio de formación profesional dual,62.179,28.447,8.171,1.203
2021,EAL-25b,No,"EMPRESAS DE 50 O MÁS TRABAJADORES QUE NO PROPORCIONARON FORMACIÓN A SUS TRABAJADORES, SEGÚN GRADO DE INFLUENCIA QUE SUPUSIERON CIERTOS MOTIVOS PARA NO PROPORCIONAR FORMACIÓN ",El mayor esfuerzo realizado en años anteriores para ofrecer formación a sus trabajadores,35.113,47.646,15.468,1.773
2021,EAL-25b,No,"EMPRESAS DE 50 O MÁS TRABAJADORES QUE NO PROPORCIONARON FORMACIÓN A SUS TRABAJADORES, SEGÚN GRADO DE INFLUENCIA QUE SUPUSIERON CIERTOS MOTIVOS PARA NO PROPORCIONAR FORMACIÓN ",La elevada carga de trabajo y el escaso tiempo disponible de los empleados de su empresa,21.574,30.965,38.846,8.614
2021,EAL-25b,No,"EMPRESAS DE 50 O MÁS TRABAJADORES QUE NO PROPORCIONARON FORMACIÓN A SUS TRABAJADORES, SEGÚN GRADO DE INFLUENCIA QUE SUPUSIERON CIERTOS MOTIVOS PARA NO PROPORCIONAR FORMACIÓN ",Dificultad para acceder a ayudas o subvenciones públicas,32.174,41.858,20.728,5.239
2021,EAL-25b,No,"EMPRESAS DE 50 O MÁS TRABAJADORES QUE NO PROPORCIONARON FORMACIÓN A SUS TRABAJADORES, SEGÚN GRADO DE INFLUENCIA QUE SUPUSIERON CIERTOS MOTIVOS PARA NO PROPORCIONAR FORMACIÓN ",Cancelación o aplazamiento de las actividades de formación debido a las restricciones por COVID,33.753,38.136,15.731,12.38
2021,EAL-25b,No,"EMPRESAS DE 50 O MÁS TRABAJADORES QUE NO PROPORCIONARON FORMACIÓN A SUS TRABAJADORES, SEGÚN GRADO DE INFLUENCIA QUE SUPUSIERON CIERTOS MOTIVOS PARA NO PROPORCIONAR FORMACIÓN ",Otras razones,57.364,27.058,11.58,3.998
2021,EAL-25e,No,"EMPRESAS DEL SECTOR SERVICIOS QUE NO PROPORCIONARON FORMACIÓN A SUS TRABAJADORES, SEGÚN GRADO DE INFLUENCIA QUE SUPUSIERON CIERTOS MOTIVOS PARA NO PROPORCIONAR FORMACIÓN ",El nivel de formación de los empleados era el apropiado para las necesidades de la empresa,9.322,19.972,44.085,26.621
2021,EAL-25e,No,"EMPRESAS DEL SECTOR SERVICIOS QUE NO PROPORCIONARON FORMACIÓN A SUS TRABAJADORES, SEGÚN GRADO DE INFLUENCIA QUE SUPUSIERON CIERTOS MOTIVOS PARA NO PROPORCIONAR FORMACIÓN ","La estrategia preferida de la empresa fue contratar personal con la cualificación, habilidades o competencias requeridas",19.895,23.023,40.511,16.571
2021,EAL-25e,No,"EMPRESAS DEL SECTOR SERVICIOS QUE NO PROPORCIONARON FORMACIÓN A SUS TRABAJADORES, SEGÚN GRADO DE INFLUENCIA QUE SUPUSIERON CIERTOS MOTIVOS PARA NO PROPORCIONAR FORMACIÓN ",Dificultad para evaluar la necesidades de formación de la empresa,27.234,49.65,19.234,3.882
2021,EAL-25e,No,"EMPRESAS DEL SECTOR SERVICIOS QUE NO PROPORCIONARON FORMACIÓN A SUS TRABAJADORES, SEGÚN GRADO DE INFLUENCIA QUE SUPUSIERON CIERTOS MOTIVOS PARA NO PROPORCIONAR FORMACIÓN ",La falta de cursos de formación adecuados en el mercado,28.606,43.371,22.323,5.7
2021,EAL-25e,No,"EMPRESAS DEL SECTOR SERVICIOS QUE NO PROPORCIONARON FORMACIÓN A SUS TRABAJADORES, SEGÚN GRADO DE INFLUENCIA QUE SUPUSIERON CIERTOS MOTIVOS PARA NO PROPORCIONAR FORMACIÓN ",El alto coste de los cursos de formación,27.252,40.625,22.849,9.274
2021,EAL-25e,No,"EMPRESAS DEL SECTOR SERVICIOS QUE NO PROPORCIONARON FORMACIÓN A SUS TRABAJADORES, SEGÚN GRADO DE INFLUENCIA QUE SUPUSIERON CIERTOS MOTIVOS PARA NO PROPORCIONAR FORMACIÓN ",La empresa prefirió tener personal con contrato de formación y aprendizaje o formación por convenio de formación profesional dual,60.607,27.765,9.025,2.603
2021,EAL-25e,No,"EMPRESAS DEL SECTOR SERVICIOS QUE NO PROPORCIONARON FORMACIÓN A SUS TRABAJADORES, SEGÚN GRADO DE INFLUENCIA QUE SUPUSIERON CIERTOS MOTIVOS PARA NO PROPORCIONAR FORMACIÓN ",El mayor esfuerzo realizado en años anteriores para ofrecer formación a sus trabajadores,36.482,39.792,20.221,3.505
2021,EAL-25e,No,"EMPRESAS DEL SECTOR SERVICIOS QUE NO PROPORCIONARON FORMACIÓN A SUS TRABAJADORES, SEGÚN GRADO DE INFLUENCIA QUE SUPUSIERON CIERTOS MOTIVOS PARA NO PROPORCIONAR FORMACIÓN ",La elevada carga de trabajo y el escaso tiempo disponible de los empleados de su empresa,24.137,31.667,33.178,11.018
2021,EAL-25e,No,"EMPRESAS DEL SECTOR SERVICIOS QUE NO PROPORCIONARON FORMACIÓN A SUS TRABAJADORES, SEGÚN GRADO DE INFLUENCIA QUE SUPUSIERON CIERTOS MOTIVOS PARA NO PROPORCIONAR FORMACIÓN ",Dificultad para acceder a ayudas o subvenciones públicas,28.324,38.705,24.35,8.621
2021,EAL-25e,No,"EMPRESAS DEL SECTOR SERVICIOS QUE NO PROPORCIONARON FORMACIÓN A SUS TRABAJADORES, SEGÚN GRADO DE INFLUENCIA QUE SUPUSIERON CIERTOS MOTIVOS PARA NO PROPORCIONAR FORMACIÓN ",Cancelación o aplazamiento de las actividades de formación debido a las restricciones por COVID,37.071,35.169,19.129,8.632
2021,EAL-25e,No,"EMPRESAS DEL SECTOR SERVICIOS QUE NO PROPORCIONARON FORMACIÓN A SUS TRABAJADORES, SEGÚN GRADO DE INFLUENCIA QUE SUPUSIERON CIERTOS MOTIVOS PARA NO PROPORCIONAR FORMACIÓN ",Otras razones,52.707,32.784,11.022,3.487
2022,EAL-25,No,"EMPRESAS QUE NO PROPORCIONARON FORMACIÓN A SUS TRABAJADORES, SEGÚN GRADO DE INFLUENCIA QUE SUPUSIERON CIERTOS MOTIVOS PARA NO PROPORCIONAR FORMACIÓN ",El nivel de formación de los empleados era el apropiado para las necesidades de la empresa,8.374,15.002,51.328,25.296
2022,EAL-25,No,"EMPRESAS QUE NO PROPORCIONARON FORMACIÓN A SUS TRABAJADORES, SEGÚN GRADO DE INFLUENCIA QUE SUPUSIERON CIERTOS MOTIVOS PARA NO PROPORCIONAR FORMACIÓN ","La estrategia preferida de la empresa fue contratar personal con la cualificación, habilidades o competencias requeridas",20.172,16.547,43.83,19.452
2022,EAL-25,No,"EMPRESAS QUE NO PROPORCIONARON FORMACIÓN A SUS TRABAJADORES, SEGÚN GRADO DE INFLUENCIA QUE SUPUSIERON CIERTOS MOTIVOS PARA NO PROPORCIONAR FORMACIÓN ",Dificultad para evaluar la necesidades de formación de la empresa,29.22,48.032,18.593,4.155
2022,EAL-25,No,"EMPRESAS QUE NO PROPORCIONARON FORMACIÓN A SUS TRABAJADORES, SEGÚN GRADO DE INFLUENCIA QUE SUPUSIERON CIERTOS MOTIVOS PARA NO PROPORCIONAR FORMACIÓN ",La falta de cursos de formación adecuados en el mercado,27.962,42.463,20.571,9.004
2022,EAL-25,No,"EMPRESAS QUE NO PROPORCIONARON FORMACIÓN A SUS TRABAJADORES, SEGÚN GRADO DE INFLUENCIA QUE SUPUSIERON CIERTOS MOTIVOS PARA NO PROPORCIONAR FORMACIÓN ",El alto coste de los cursos de formación,25.904,37.525,25.636,10.935
2022,EAL-25,No,"EMPRESAS QUE NO PROPORCIONARON FORMACIÓN A SUS TRABAJADORES, SEGÚN GRADO DE INFLUENCIA QUE SUPUSIERON CIERTOS MOTIVOS PARA NO PROPORCIONAR FORMACIÓN ",La empresa prefirió tener personal con contrato de formación y aprendizaje o formación por convenio de formación profesional dual,68.922,20.929,7.327,2.822
2022,EAL-25,No,"EMPRESAS QUE NO PROPORCIONARON FORMACIÓN A SUS TRABAJADORES, SEGÚN GRADO DE INFLUENCIA QUE SUPUSIERON CIERTOS MOTIVOS PARA NO PROPORCIONAR FORMACIÓN ",El mayor esfuerzo realizado en años anteriores para ofrecer formación a sus trabajadores,32.429,37.605,23.386,6.58
2022,EAL-25,No,"EMPRESAS QUE NO PROPORCIONARON FORMACIÓN A SUS TRABAJADORES, SEGÚN GRADO DE INFLUENCIA QUE SUPUSIERON CIERTOS MOTIVOS PARA NO PROPORCIONAR FORMACIÓN ",La elevada carga de trabajo y el escaso tiempo disponible de los empleados de su empresa,19.957,30.93,33.078,16.036
2022,EAL-25,No,"EMPRESAS QUE NO PROPORCIONARON FORMACIÓN A SUS TRABAJADORES, SEGÚN GRADO DE INFLUENCIA QUE SUPUSIERON CIERTOS MOTIVOS PARA NO PROPORCIONAR FORMACIÓN ",Dificultad para acceder a ayudas o subvenciones públicas,27.198,34.555,27.378,10.869
2022,EAL-25,No,"EMPRESAS QUE NO PROPORCIONARON FORMACIÓN A SUS TRABAJADORES, SEGÚN GRADO DE INFLUENCIA QUE SUPUSIERON CIERTOS MOTIVOS PARA NO PROPORCIONAR FORMACIÓN ",Cancelación o aplazamiento de las actividades de formación debido a las restricciones por COVID,48.105,38.953,8.039,4.903
2022,EAL-25,No,"EMPRESAS QUE NO PROPORCIONARON FORMACIÓN A SUS TRABAJADORES, SEGÚN GRADO DE INFLUENCIA QUE SUPUSIERON CIERTOS MOTIVOS PARA NO PROPORCIONAR FORMACIÓN ",Otras razones,57.226,29.077,7.852,5.845
2022,EAL-25b,No,"EMPRESAS DE 50 O MÁS TRABAJADORES QUE NO PROPORCIONARON FORMACIÓN A SUS TRABAJADORES, SEGÚN GRADO DE INFLUENCIA QUE SUPUSIERON CIERTOS MOTIVOS PARA NO PROPORCIONAR FORMACIÓN ",El nivel de formación de los empleados era el apropiado para las necesidades de la empresa,13.466,11.743,56.511,18.281
2022,EAL-25b,No,"EMPRESAS DE 50 O MÁS TRABAJADORES QUE NO PROPORCIONARON FORMACIÓN A SUS TRABAJADORES, SEGÚN GRADO DE INFLUENCIA QUE SUPUSIERON CIERTOS MOTIVOS PARA NO PROPORCIONAR FORMACIÓN ","La estrategia preferida de la empresa fue contratar personal con la cualificación, habilidades o competencias requeridas",21.56,19.577,41.861,17.003
2022,EAL-25b,No,"EMPRESAS DE 50 O MÁS TRABAJADORES QUE NO PROPORCIONARON FORMACIÓN A SUS TRABAJADORES, SEGÚN GRADO DE INFLUENCIA QUE SUPUSIERON CIERTOS MOTIVOS PARA NO PROPORCIONAR FORMACIÓN ",Dificultad para evaluar la necesidades de formación de la empresa,29.01,48.47,19.973,2.547
2022,EAL-25b,No,"EMPRESAS DE 50 O MÁS TRABAJADORES QUE NO PROPORCIONARON FORMACIÓN A SUS TRABAJADORES, SEGÚN GRADO DE INFLUENCIA QUE SUPUSIERON CIERTOS MOTIVOS PARA NO PROPORCIONAR FORMACIÓN ",La falta de cursos de formación adecuados en el mercado,30.764,40.566,26.094,2.576
2022,EAL-25b,No,"EMPRESAS DE 50 O MÁS TRABAJADORES QUE NO PROPORCIONARON FORMACIÓN A SUS TRABAJADORES, SEGÚN GRADO DE INFLUENCIA QUE SUPUSIERON CIERTOS MOTIVOS PARA NO PROPORCIONAR FORMACIÓN ",El alto coste de los cursos de formación,26.862,42.816,27.447,2.875
2022,EAL-25b,No,"EMPRESAS DE 50 O MÁS TRABAJADORES QUE NO PROPORCIONARON FORMACIÓN A SUS TRABAJADORES, SEGÚN GRADO DE INFLUENCIA QUE SUPUSIERON CIERTOS MOTIVOS PARA NO PROPORCIONAR FORMACIÓN ",La empresa prefirió tener personal con contrato de formación y aprendizaje o formación por convenio de formación profesional dual,65.922,19.738,12.35,1.991
2022,EAL-25b,No,"EMPRESAS DE 50 O MÁS TRABAJADORES QUE NO PROPORCIONARON FORMACIÓN A SUS TRABAJADORES, SEGÚN GRADO DE INFLUENCIA QUE SUPUSIERON CIERTOS MOTIVOS PARA NO PROPORCIONAR FORMACIÓN ",El mayor esfuerzo realizado en años anteriores para ofrecer formación a sus trabajadores,33.152,36.402,28.414,2.032
2022,EAL-25b,No,"EMPRESAS DE 50 O MÁS TRABAJADORES QUE NO PROPORCIONARON FORMACIÓN A SUS TRABAJADORES, SEGÚN GRADO DE INFLUENCIA QUE SUPUSIERON CIERTOS MOTIVOS PARA NO PROPORCIONAR FORMACIÓN ",La elevada carga de trabajo y el escaso tiempo disponible de los empleados de su empresa,24.599,27.633,36.991,10.777
2022,EAL-25b,No,"EMPRESAS DE 50 O MÁS TRABAJADORES QUE NO PROPORCIONARON FORMACIÓN A SUS TRABAJADORES, SEGÚN GRADO DE INFLUENCIA QUE SUPUSIERON CIERTOS MOTIVOS PARA NO PROPORCIONAR FORMACIÓN ",Dificultad para acceder a ayudas o subvenciones públicas,28.627,35.686,26.379,9.307
2022,EAL-25b,No,"EMPRESAS DE 50 O MÁS TRABAJADORES QUE NO PROPORCIONARON FORMACIÓN A SUS TRABAJADORES, SEGÚN GRADO DE INFLUENCIA QUE SUPUSIERON CIERTOS MOTIVOS PARA NO PROPORCIONAR FORMACIÓN ",Cancelación o aplazamiento de las actividades de formación debido a las restricciones por COVID,46.577,33.159,17.686,2.579
2022,EAL-25b,No,"EMPRESAS DE 50 O MÁS TRABAJADORES QUE NO PROPORCIONARON FORMACIÓN A SUS TRABAJADORES, SEGÚN GRADO DE INFLUENCIA QUE SUPUSIERON CIERTOS MOTIVOS PARA NO PROPORCIONAR FORMACIÓN ",Otras razones,52.013,28.912,17.598,1.477
2022,EAL-25e,No,"EMPRESAS DEL SECTOR SERVICIOS QUE NO PROPORCIONARON FORMACIÓN A SUS TRABAJADORES, SEGÚN GRADO DE INFLUENCIA QUE SUPUSIERON CIERTOS MOTIVOS PARA NO PROPORCIONAR FORMACIÓN ",El nivel de formación de los empleados era el apropiado para las necesidades de la empresa,7.837,14.853,52.362,24.948
2022,EAL-25e,No,"EMPRESAS DEL SECTOR SERVICIOS QUE NO PROPORCIONARON FORMACIÓN A SUS TRABAJADORES, SEGÚN GRADO DE INFLUENCIA QUE SUPUSIERON CIERTOS MOTIVOS PARA NO PROPORCIONAR FORMACIÓN ","La estrategia preferida de la empresa fue contratar personal con la cualificación, habilidades o competencias requeridas",19.19,16.486,43.774,20.55
2022,EAL-25e,No,"EMPRESAS DEL SECTOR SERVICIOS QUE NO PROPORCIONARON FORMACIÓN A SUS TRABAJADORES, SEGÚN GRADO DE INFLUENCIA QUE SUPUSIERON CIERTOS MOTIVOS PARA NO PROPORCIONAR FORMACIÓN ",Dificultad para evaluar la necesidades de formación de la empresa,28.51,47.281,19.494,4.715
2022,EAL-25e,No,"EMPRESAS DEL SECTOR SERVICIOS QUE NO PROPORCIONARON FORMACIÓN A SUS TRABAJADORES, SEGÚN GRADO DE INFLUENCIA QUE SUPUSIERON CIERTOS MOTIVOS PARA NO PROPORCIONAR FORMACIÓN ",La falta de cursos de formación adecuados en el mercado,28.239,42.411,19.655,9.696
2022,EAL-25e,No,"EMPRESAS DEL SECTOR SERVICIOS QUE NO PROPORCIONARON FORMACIÓN A SUS TRABAJADORES, SEGÚN GRADO DE INFLUENCIA QUE SUPUSIERON CIERTOS MOTIVOS PARA NO PROPORCIONAR FORMACIÓN ",El alto coste de los cursos de formación,26.342,37.952,24.879,10.828
2022,EAL-25e,No,"EMPRESAS DEL SECTOR SERVICIOS QUE NO PROPORCIONARON FORMACIÓN A SUS TRABAJADORES, SEGÚN GRADO DE INFLUENCIA QUE SUPUSIERON CIERTOS MOTIVOS PARA NO PROPORCIONAR FORMACIÓN ",La empresa prefirió tener personal con contrato de formación y aprendizaje o formación por convenio de formación profesional dual,68.732,20.668,7.343,3.257
2022,EAL-25e,No,"EMPRESAS DEL SECTOR SERVICIOS QUE NO PROPORCIONARON FORMACIÓN A SUS TRABAJADORES, SEGÚN GRADO DE INFLUENCIA QUE SUPUSIERON CIERTOS MOTIVOS PARA NO PROPORCIONAR FORMACIÓN ",El mayor esfuerzo realizado en años anteriores para ofrecer formación a sus trabajadores,32.694,38.222,22.816,6.268
2022,EAL-25e,No,"EMPRESAS DEL SECTOR SERVICIOS QUE NO PROPORCIONARON FORMACIÓN A SUS TRABAJADORES, SEGÚN GRADO DE INFLUENCIA QUE SUPUSIERON CIERTOS MOTIVOS PARA NO PROPORCIONAR FORMACIÓN ",La elevada carga de trabajo y el escaso tiempo disponible de los empleados de su empresa,20.286,31.058,31.794,16.862
2022,EAL-25e,No,"EMPRESAS DEL SECTOR SERVICIOS QUE NO PROPORCIONARON FORMACIÓN A SUS TRABAJADORES, SEGÚN GRADO DE INFLUENCIA QUE SUPUSIERON CIERTOS MOTIVOS PARA NO PROPORCIONAR FORMACIÓN ",Dificultad para acceder a ayudas o subvenciones públicas,28.034,34.617,26.627,10.722
2022,EAL-25e,No,"EMPRESAS DEL SECTOR SERVICIOS QUE NO PROPORCIONARON FORMACIÓN A SUS TRABAJADORES, SEGÚN GRADO DE INFLUENCIA QUE SUPUSIERON CIERTOS MOTIVOS PARA NO PROPORCIONAR FORMACIÓN ",Cancelación o aplazamiento de las actividades de formación debido a las restricciones por COVID,48.071,39.079,7.358,5.492
2022,EAL-25e,No,"EMPRESAS DEL SECTOR SERVICIOS QUE NO PROPORCIONARON FORMACIÓN A SUS TRABAJADORES, SEGÚN GRADO DE INFLUENCIA QUE SUPUSIERON CIERTOS MOTIVOS PARA NO PROPORCIONAR FORMACIÓN ",Otras razones,55.692,30.218,7.483,6.608
2023,EAL-25,No,"EMPRESAS QUE NO PROPORCIONARON FORMACIÓN A SUS TRABAJADORES, SEGÚN GRADO DE INFLUENCIA QUE SUPUSIERON CIERTOS MOTIVOS PARA NO PROPORCIONAR FORMACIÓN ",El nivel de formación de los empleados era el apropiado para las necesidades de la empresa,13.241,13.026,47.034,26.699
2023,EAL-25,No,"EMPRESAS QUE NO PROPORCIONARON FORMACIÓN A SUS TRABAJADORES, SEGÚN GRADO DE INFLUENCIA QUE SUPUSIERON CIERTOS MOTIVOS PARA NO PROPORCIONAR FORMACIÓN ","La empresa prefirió contratar a personal con la cualificación, habilidades y competencias necesarias ",22.492,15.961,42.408,19.139
2023,EAL-25,No,"EMPRESAS QUE NO PROPORCIONARON FORMACIÓN A SUS TRABAJADORES, SEGÚN GRADO DE INFLUENCIA QUE SUPUSIERON CIERTOS MOTIVOS PARA NO PROPORCIONAR FORMACIÓN ",Dificultad para evaluar la necesidades de formación de la empresa,34.482,43.432,18.482,3.604
2023,EAL-25,No,"EMPRESAS QUE NO PROPORCIONARON FORMACIÓN A SUS TRABAJADORES, SEGÚN GRADO DE INFLUENCIA QUE SUPUSIERON CIERTOS MOTIVOS PARA NO PROPORCIONAR FORMACIÓN ",La falta de cursos de formación adecuados en el mercado,30.779,37.822,23.197,8.202
2023,EAL-25,No,"EMPRESAS QUE NO PROPORCIONARON FORMACIÓN A SUS TRABAJADORES, SEGÚN GRADO DE INFLUENCIA QUE SUPUSIERON CIERTOS MOTIVOS PARA NO PROPORCIONAR FORMACIÓN ",El alto coste de los cursos de formación,29.704,30.409,28.722,11.164
2023,EAL-25,No,"EMPRESAS QUE NO PROPORCIONARON FORMACIÓN A SUS TRABAJADORES, SEGÚN GRADO DE INFLUENCIA QUE SUPUSIERON CIERTOS MOTIVOS PARA NO PROPORCIONAR FORMACIÓN ",La empresa prefirió tener personal con contratos formativos o personal en formación por convenio de Formación profesional dual a proporcionar más formación a sus trabajadores ,69.621,19.825,8.522,2.033
2023,EAL-25,No,"EMPRESAS QUE NO PROPORCIONARON FORMACIÓN A SUS TRABAJADORES, SEGÚN GRADO DE INFLUENCIA QUE SUPUSIERON CIERTOS MOTIVOS PARA NO PROPORCIONAR FORMACIÓN ",El mayor esfuerzo realizado en años anteriores para ofrecer formación a sus trabajadores,38.805,35.16,20.893,5.142
2023,EAL-25,No,"EMPRESAS QUE NO PROPORCIONARON FORMACIÓN A SUS TRABAJADORES, SEGÚN GRADO DE INFLUENCIA QUE SUPUSIERON CIERTOS MOTIVOS PARA NO PROPORCIONAR FORMACIÓN ",La elevada carga de trabajo y el escaso tiempo disponible de los empleados de su empresa,25.779,26.965,34.846,12.41
2023,EAL-25,No,"EMPRESAS QUE NO PROPORCIONARON FORMACIÓN A SUS TRABAJADORES, SEGÚN GRADO DE INFLUENCIA QUE SUPUSIERON CIERTOS MOTIVOS PARA NO PROPORCIONAR FORMACIÓN ",Dificultad para acceder a ayudas o subvenciones públicas,31.62,28.236,26.333,13.81
2023,EAL-25,No,"EMPRESAS QUE NO PROPORCIONARON FORMACIÓN A SUS TRABAJADORES, SEGÚN GRADO DE INFLUENCIA QUE SUPUSIERON CIERTOS MOTIVOS PARA NO PROPORCIONAR FORMACIÓN ",Otras razones,56.22,23.577,14.296,5.907
2023,EAL-25b,No,"EMPRESAS DE 50 O MÁS TRABAJADORES QUE NO PROPORCIONARON FORMACIÓN A SUS TRABAJADORES, SEGÚN GRADO DE INFLUENCIA QUE SUPUSIERON CIERTOS MOTIVOS PARA NO PROPORCIONAR FORMACIÓN ",El nivel de formación de los empleados era el apropiado para las necesidades de la empresa,9.342,15.6,46.107,28.95
2023,EAL-25b,No,"EMPRESAS DE 50 O MÁS TRABAJADORES QUE NO PROPORCIONARON FORMACIÓN A SUS TRABAJADORES, SEGÚN GRADO DE INFLUENCIA QUE SUPUSIERON CIERTOS MOTIVOS PARA NO PROPORCIONAR FORMACIÓN ","La empresa prefirió contratar a personal con la cualificación, habilidades y competencias necesarias ",20.93,24.717,35.177,19.176
2023,EAL-25b,No,"EMPRESAS DE 50 O MÁS TRABAJADORES QUE NO PROPORCIONARON FORMACIÓN A SUS TRABAJADORES, SEGÚN GRADO DE INFLUENCIA QUE SUPUSIERON CIERTOS MOTIVOS PARA NO PROPORCIONAR FORMACIÓN ",Dificultad para evaluar la necesidades de formación de la empresa,24.53,50.512,22.121,2.837
2023,EAL-25b,No,"EMPRESAS DE 50 O MÁS TRABAJADORES QUE NO PROPORCIONARON FORMACIÓN A SUS TRABAJADORES, SEGÚN GRADO DE INFLUENCIA QUE SUPUSIERON CIERTOS MOTIVOS PARA NO PROPORCIONAR FORMACIÓN ",La falta de cursos de formación adecuados en el mercado,27.974,44.559,17.147,10.321
2023,EAL-25b,No,"EMPRESAS DE 50 O MÁS TRABAJADORES QUE NO PROPORCIONARON FORMACIÓN A SUS TRABAJADORES, SEGÚN GRADO DE INFLUENCIA QUE SUPUSIERON CIERTOS MOTIVOS PARA NO PROPORCIONAR FORMACIÓN ",El alto coste de los cursos de formación,30.822,36.384,22.268,10.526
2023,EAL-25b,No,"EMPRESAS DE 50 O MÁS TRABAJADORES QUE NO PROPORCIONARON FORMACIÓN A SUS TRABAJADORES, SEGÚN GRADO DE INFLUENCIA QUE SUPUSIERON CIERTOS MOTIVOS PARA NO PROPORCIONAR FORMACIÓN ",La empresa prefirió tener personal con contratos formativos o personal en formación por convenio de Formación profesional dual a proporcionar más formación a sus trabajadores ,68.137,19.183,10.262,2.417
2023,EAL-25b,No,"EMPRESAS DE 50 O MÁS TRABAJADORES QUE NO PROPORCIONARON FORMACIÓN A SUS TRABAJADORES, SEGÚN GRADO DE INFLUENCIA QUE SUPUSIERON CIERTOS MOTIVOS PARA NO PROPORCIONAR FORMACIÓN ",El mayor esfuerzo realizado en años anteriores para ofrecer formación a sus trabajadores,37.748,40.945,15.173,6.134
2023,EAL-25b,No,"EMPRESAS DE 50 O MÁS TRABAJADORES QUE NO PROPORCIONARON FORMACIÓN A SUS TRABAJADORES, SEGÚN GRADO DE INFLUENCIA QUE SUPUSIERON CIERTOS MOTIVOS PARA NO PROPORCIONAR FORMACIÓN ",La elevada carga de trabajo y el escaso tiempo disponible de los empleados de su empresa,18.665,29.679,34.545,17.11
2023,EAL-25b,No,"EMPRESAS DE 50 O MÁS TRABAJADORES QUE NO PROPORCIONARON FORMACIÓN A SUS TRABAJADORES, SEGÚN GRADO DE INFLUENCIA QUE SUPUSIERON CIERTOS MOTIVOS PARA NO PROPORCIONAR FORMACIÓN ",Dificultad para acceder a ayudas o subvenciones públicas,34.519,37.117,19.534,8.83
2023,EAL-25b,No,"EMPRESAS DE 50 O MÁS TRABAJADORES QUE NO PROPORCIONARON FORMACIÓN A SUS TRABAJADORES, SEGÚN GRADO DE INFLUENCIA QUE SUPUSIERON CIERTOS MOTIVOS PARA NO PROPORCIONAR FORMACIÓN ",Otras razones,52.853,35.571,6.172,5.404
2023,EAL-25e,No,"EMPRESAS DEL SECTOR SERVICIOS QUE NO PROPORCIONARON FORMACIÓN A SUS TRABAJADORES, SEGÚN GRADO DE INFLUENCIA QUE SUPUSIERON CIERTOS MOTIVOS PARA NO PROPORCIONAR FORMACIÓN ",El nivel de formación de los empleados era el apropiado para las necesidades de la empresa,13.682,13.587,47.164,25.567
2023,EAL-25e,No,"EMPRESAS DEL SECTOR SERVICIOS QUE NO PROPORCIONARON FORMACIÓN A SUS TRABAJADORES, SEGÚN GRADO DE INFLUENCIA QUE SUPUSIERON CIERTOS MOTIVOS PARA NO PROPORCIONAR FORMACIÓN ","La empresa prefirió contratar a personal con la cualificación, habilidades y competencias necesarias ",21.528,16.957,42.306,19.208
2023,EAL-25e,No,"EMPRESAS DEL SECTOR SERVICIOS QUE NO PROPORCIONARON FORMACIÓN A SUS TRABAJADORES, SEGÚN GRADO DE INFLUENCIA QUE SUPUSIERON CIERTOS MOTIVOS PARA NO PROPORCIONAR FORMACIÓN ",Dificultad para evaluar la necesidades de formación de la empresa,33.311,43.092,19.863,3.734
2023,EAL-25e,No,"EMPRESAS DEL SECTOR SERVICIOS QUE NO PROPORCIONARON FORMACIÓN A SUS TRABAJADORES, SEGÚN GRADO DE INFLUENCIA QUE SUPUSIERON CIERTOS MOTIVOS PARA NO PROPORCIONAR FORMACIÓN ",La falta de cursos de formación adecuados en el mercado,29.724,37.713,23.962,8.601
2023,EAL-25e,No,"EMPRESAS DEL SECTOR SERVICIOS QUE NO PROPORCIONARON FORMACIÓN A SUS TRABAJADORES, SEGÚN GRADO DE INFLUENCIA QUE SUPUSIERON CIERTOS MOTIVOS PARA NO PROPORCIONAR FORMACIÓN ",El alto coste de los cursos de formación,28.514,30.631,29.685,11.17
2023,EAL-25e,No,"EMPRESAS DEL SECTOR SERVICIOS QUE NO PROPORCIONARON FORMACIÓN A SUS TRABAJADORES, SEGÚN GRADO DE INFLUENCIA QUE SUPUSIERON CIERTOS MOTIVOS PARA NO PROPORCIONAR FORMACIÓN ",La empresa prefirió tener personal con contratos formativos o personal en formación por convenio de Formación profesional dual a proporcionar más formación a sus trabajadores ,68.273,20.547,9.086,2.094
2023,EAL-25e,No,"EMPRESAS DEL SECTOR SERVICIOS QUE NO PROPORCIONARON FORMACIÓN A SUS TRABAJADORES, SEGÚN GRADO DE INFLUENCIA QUE SUPUSIERON CIERTOS MOTIVOS PARA NO PROPORCIONAR FORMACIÓN ",El mayor esfuerzo realizado en años anteriores para ofrecer formación a sus trabajadores,39.508,35.388,20.576,4.528
2023,EAL-25e,No,"EMPRESAS DEL SECTOR SERVICIOS QUE NO PROPORCIONARON FORMACIÓN A SUS TRABAJADORES, SEGÚN GRADO DE INFLUENCIA QUE SUPUSIERON CIERTOS MOTIVOS PARA NO PROPORCIONAR FORMACIÓN ",La elevada carga de trabajo y el escaso tiempo disponible de los empleados de su empresa,24.859,27.307,36.282,11.553
2023,EAL-25e,No,"EMPRESAS DEL SECTOR SERVICIOS QUE NO PROPORCIONARON FORMACIÓN A SUS TRABAJADORES, SEGÚN GRADO DE INFLUENCIA QUE SUPUSIERON CIERTOS MOTIVOS PARA NO PROPORCIONAR FORMACIÓN ",Dificultad para acceder a ayudas o subvenciones públicas,31.402,27.59,26.995,14.013
2023,EAL-25e,No,"EMPRESAS DEL SECTOR SERVICIOS QUE NO PROPORCIONARON FORMACIÓN A SUS TRABAJADORES, SEGÚN GRADO DE INFLUENCIA QUE SUPUSIERON CIERTOS MOTIVOS PARA NO PROPORCIONAR FORMACIÓN ",Otras razones,68.273,20.547,9.086,2.094
2024,EAL-25,No,EMPRESAS QUE NO PROPORCIONARON FORMACIÓN A SUS TRABAJADORES SEGÚN GRADO DE INFLUENCIA QUE SUPUSIERON CIERTOS MOTIVOS PARA NO PROPORCIONAR FORMACIÓN ,El nivel de formación de los empleados era el apropiado para las necesidades de la empresa,7.497,11.745,48.18,32.578
2024,EAL-25,No,EMPRESAS QUE NO PROPORCIONARON FORMACIÓN A SUS TRABAJADORES SEGÚN GRADO DE INFLUENCIA QUE SUPUSIERON CIERTOS MOTIVOS PARA NO PROPORCIONAR FORMACIÓN ,"La empresa prefirió contratar a personal con la cualificación, habilidades y competencias necesarias ",16.991,14.927,45.484,22.598
2024,EAL-25,No,EMPRESAS QUE NO PROPORCIONARON FORMACIÓN A SUS TRABAJADORES SEGÚN GRADO DE INFLUENCIA QUE SUPUSIERON CIERTOS MOTIVOS PARA NO PROPORCIONAR FORMACIÓN ,Dificultad para evaluar la necesidades de formación de la empresa,33.929,46.144,15.427,4.501
2024,EAL-25,No,EMPRESAS QUE NO PROPORCIONARON FORMACIÓN A SUS TRABAJADORES SEGÚN GRADO DE INFLUENCIA QUE SUPUSIERON CIERTOS MOTIVOS PARA NO PROPORCIONAR FORMACIÓN ,La falta de cursos de formación adecuados en el mercado,32.974,40.854,18.727,7.444
2024,EAL-25,No,EMPRESAS QUE NO PROPORCIONARON FORMACIÓN A SUS TRABAJADORES SEGÚN GRADO DE INFLUENCIA QUE SUPUSIERON CIERTOS MOTIVOS PARA NO PROPORCIONAR FORMACIÓN ,El alto coste de los cursos de formación,32.154,34.644,22.305,10.896
2024,EAL-25,No,EMPRESAS QUE NO PROPORCIONARON FORMACIÓN A SUS TRABAJADORES SEGÚN GRADO DE INFLUENCIA QUE SUPUSIERON CIERTOS MOTIVOS PARA NO PROPORCIONAR FORMACIÓN ,La empresa prefirió tener personal con contratos formativos o personal en formación por convenio de Formación profesional dual a proporcionar más formación a sus trabajadores ,69.386,20.775,7.963,1.875
2024,EAL-25,No,EMPRESAS QUE NO PROPORCIONARON FORMACIÓN A SUS TRABAJADORES SEGÚN GRADO DE INFLUENCIA QUE SUPUSIERON CIERTOS MOTIVOS PARA NO PROPORCIONAR FORMACIÓN ,El mayor esfuerzo realizado en años anteriores para ofrecer formación a sus trabajadores,42.478,33.815,18.795,4.912
2024,EAL-25,No,EMPRESAS QUE NO PROPORCIONARON FORMACIÓN A SUS TRABAJADORES SEGÚN GRADO DE INFLUENCIA QUE SUPUSIERON CIERTOS MOTIVOS PARA NO PROPORCIONAR FORMACIÓN ,La elevada carga de trabajo y el escaso tiempo disponible de los empleados de su empresa,23.112,29.498,30.973,16.417
2024,EAL-25,No,EMPRESAS QUE NO PROPORCIONARON FORMACIÓN A SUS TRABAJADORES SEGÚN GRADO DE INFLUENCIA QUE SUPUSIERON CIERTOS MOTIVOS PARA NO PROPORCIONAR FORMACIÓN ,Dificultad para acceder a ayudas o subvenciones públicas,36.386,31.367,20.381,11.866
2024,EAL-25,No,EMPRESAS QUE NO PROPORCIONARON FORMACIÓN A SUS TRABAJADORES SEGÚN GRADO DE INFLUENCIA QUE SUPUSIERON CIERTOS MOTIVOS PARA NO PROPORCIONAR FORMACIÓN ,Otras razones,63.988,21.749,7.994,6.269
2024,EAL-25b,No,EMPRESAS DE 50 O MÁS TRABAJADORES QUE NO PROPORCIONARON FORMACIÓN A SUS TRABAJADORES SEGÚN GRADO DE INFLUENCIA QUE SUPUSIERON CIERTOS MOTIVOS PARA NO PROPORCIONAR FORMACIÓN ,El nivel de formación de los empleados era el apropiado para las necesidades de la empresa,13.937,12.085,49.03,24.948
2024,EAL-25b,No,EMPRESAS DE 50 O MÁS TRABAJADORES QUE NO PROPORCIONARON FORMACIÓN A SUS TRABAJADORES SEGÚN GRADO DE INFLUENCIA QUE SUPUSIERON CIERTOS MOTIVOS PARA NO PROPORCIONAR FORMACIÓN ,"La empresa prefirió contratar a personal con la cualificación, habilidades y competencias necesarias ",21.345,16.108,41.856,20.691
2024,EAL-25b,No,EMPRESAS DE 50 O MÁS TRABAJADORES QUE NO PROPORCIONARON FORMACIÓN A SUS TRABAJADORES SEGÚN GRADO DE INFLUENCIA QUE SUPUSIERON CIERTOS MOTIVOS PARA NO PROPORCIONAR FORMACIÓN ,Dificultad para evaluar la necesidades de formación de la empresa,31.261,48.978,17.449,2.312
2024,EAL-25b,No,EMPRESAS DE 50 O MÁS TRABAJADORES QUE NO PROPORCIONARON FORMACIÓN A SUS TRABAJADORES SEGÚN GRADO DE INFLUENCIA QUE SUPUSIERON CIERTOS MOTIVOS PARA NO PROPORCIONAR FORMACIÓN ,La falta de cursos de formación adecuados en el mercado,36.665,46.178,11.29,5.867
2024,EAL-25b,No,EMPRESAS DE 50 O MÁS TRABAJADORES QUE NO PROPORCIONARON FORMACIÓN A SUS TRABAJADORES SEGÚN GRADO DE INFLUENCIA QUE SUPUSIERON CIERTOS MOTIVOS PARA NO PROPORCIONAR FORMACIÓN ,El alto coste de los cursos de formación,37.611,36.39,15.092,10.907
2024,EAL-25b,No,EMPRESAS DE 50 O MÁS TRABAJADORES QUE NO PROPORCIONARON FORMACIÓN A SUS TRABAJADORES SEGÚN GRADO DE INFLUENCIA QUE SUPUSIERON CIERTOS MOTIVOS PARA NO PROPORCIONAR FORMACIÓN ,La empresa prefirió tener personal con contratos formativos o personal en formación por convenio de Formación profesional dual a proporcionar más formación a sus trabajadores ,58.533,32.396,8.904,0.166
2024,EAL-25b,No,EMPRESAS DE 50 O MÁS TRABAJADORES QUE NO PROPORCIONARON FORMACIÓN A SUS TRABAJADORES SEGÚN GRADO DE INFLUENCIA QUE SUPUSIERON CIERTOS MOTIVOS PARA NO PROPORCIONAR FORMACIÓN ,El mayor esfuerzo realizado en años anteriores para ofrecer formación a sus trabajadores,36.081,39.704,24.049,0.166
2024,EAL-25b,No,EMPRESAS DE 50 O MÁS TRABAJADORES QUE NO PROPORCIONARON FORMACIÓN A SUS TRABAJADORES SEGÚN GRADO DE INFLUENCIA QUE SUPUSIERON CIERTOS MOTIVOS PARA NO PROPORCIONAR FORMACIÓN ,La elevada carga de trabajo y el escaso tiempo disponible de los empleados de su empresa,28.984,30.222,28.625,12.169
2024,EAL-25b,No,EMPRESAS DE 50 O MÁS TRABAJADORES QUE NO PROPORCIONARON FORMACIÓN A SUS TRABAJADORES SEGÚN GRADO DE INFLUENCIA QUE SUPUSIERON CIERTOS MOTIVOS PARA NO PROPORCIONAR FORMACIÓN ,Dificultad para acceder a ayudas o subvenciones públicas,35.266,37.366,17.212,10.155
2024,EAL-25b,No,EMPRESAS DE 50 O MÁS TRABAJADORES QUE NO PROPORCIONARON FORMACIÓN A SUS TRABAJADORES SEGÚN GRADO DE INFLUENCIA QUE SUPUSIERON CIERTOS MOTIVOS PARA NO PROPORCIONAR FORMACIÓN ,Otras razones,51.771,30.562,7.505,10.162
2024,EAL-25e,No,EMPRESAS DEL SECTOR SERVICIOS QUE NO PROPORCIONARON FORMACIÓN A SUS TRABAJADORES SEGÚN GRADO DE INFLUENCIA QUE SUPUSIERON CIERTOS MOTIVOS PARA NO PROPORCIONAR FORMACIÓN ,El nivel de formación de los empleados era el apropiado para las necesidades de la empresa,6.457,12.723,47.626,33.194
2024,EAL-25e,No,EMPRESAS DEL SECTOR SERVICIOS QUE NO PROPORCIONARON FORMACIÓN A SUS TRABAJADORES SEGÚN GRADO DE INFLUENCIA QUE SUPUSIERON CIERTOS MOTIVOS PARA NO PROPORCIONAR FORMACIÓN ,"La empresa prefirió contratar a personal con la cualificación, habilidades y competencias necesarias ",15.886,15.641,45.619,22.854
2024,EAL-25e,No,EMPRESAS DEL SECTOR SERVICIOS QUE NO PROPORCIONARON FORMACIÓN A SUS TRABAJADORES SEGÚN GRADO DE INFLUENCIA QUE SUPUSIERON CIERTOS MOTIVOS PARA NO PROPORCIONAR FORMACIÓN ,Dificultad para evaluar la necesidades de formación de la empresa,33.498,45.986,15.393,5.123
2024,EAL-25e,No,EMPRESAS DEL SECTOR SERVICIOS QUE NO PROPORCIONARON FORMACIÓN A SUS TRABAJADORES SEGÚN GRADO DE INFLUENCIA QUE SUPUSIERON CIERTOS MOTIVOS PARA NO PROPORCIONAR FORMACIÓN ,La falta de cursos de formación adecuados en el mercado,33.133,41.316,18.323,7.229
2024,EAL-25e,No,EMPRESAS DEL SECTOR SERVICIOS QUE NO PROPORCIONARON FORMACIÓN A SUS TRABAJADORES SEGÚN GRADO DE INFLUENCIA QUE SUPUSIERON CIERTOS MOTIVOS PARA NO PROPORCIONAR FORMACIÓN ,El alto coste de los cursos de formación,31.411,33.919,23.188,11.481
2024,EAL-25e,No,EMPRESAS DEL SECTOR SERVICIOS QUE NO PROPORCIONARON FORMACIÓN A SUS TRABAJADORES SEGÚN GRADO DE INFLUENCIA QUE SUPUSIERON CIERTOS MOTIVOS PARA NO PROPORCIONAR FORMACIÓN ,La empresa prefirió tener personal con contratos formativos o personal en formación por convenio de Formación profesional dual a proporcionar más formación a sus trabajadores ,70.067,19.881,8.26,1.792
2024,EAL-25e,No,EMPRESAS DEL SECTOR SERVICIOS QUE NO PROPORCIONARON FORMACIÓN A SUS TRABAJADORES SEGÚN GRADO DE INFLUENCIA QUE SUPUSIERON CIERTOS MOTIVOS PARA NO PROPORCIONAR FORMACIÓN ,El mayor esfuerzo realizado en años anteriores para ofrecer formación a sus trabajadores,44.018,34.269,17.211,4.502
2024,EAL-25e,No,EMPRESAS DEL SECTOR SERVICIOS QUE NO PROPORCIONARON FORMACIÓN A SUS TRABAJADORES SEGÚN GRADO DE INFLUENCIA QUE SUPUSIERON CIERTOS MOTIVOS PARA NO PROPORCIONAR FORMACIÓN ,La elevada carga de trabajo y el escaso tiempo disponible de los empleados de su empresa,22.419,29.643,30.416,17.522
2024,EAL-25e,No,EMPRESAS DEL SECTOR SERVICIOS QUE NO PROPORCIONARON FORMACIÓN A SUS TRABAJADORES SEGÚN GRADO DE INFLUENCIA QUE SUPUSIERON CIERTOS MOTIVOS PARA NO PROPORCIONAR FORMACIÓN ,Dificultad para acceder a ayudas o subvenciones públicas,36.2,30.566,20.535,12.699
2024,EAL-25e,No,EMPRESAS DEL SECTOR SERVICIOS QUE NO PROPORCIONARON FORMACIÓN A SUS TRABAJADORES SEGÚN GRADO DE INFLUENCIA QUE SUPUSIERON CIERTOS MOTIVOS PARA NO PROPORCIONAR FORMACIÓN ,Otras razones,63.827,21.365,7.972,6.836
