anio,tabla,pregunta,ambito,categoria,PORCENTAJE DE EMPRESAS QUE PROPORCIONARON FORMACIÓN EN SEGURIDAD Y SALUD LABORAL
2023,EAL-18c,"EMPRESAS QUE PROPORCIONARON FORMACIÓN A SUS TRABAJADORES SOBRE SEGURIDAD, SALUD E HIGIENE EN EL TRABAJO, POR TAMAÑO DE LA EMPRESA, ACTIVIDAD ECONÓMICA Y COMUNIDAD AUTÓNOMA",tamano_empresa,De 5 a 9 trabajadores,66.985
2023,EAL-18c,"EMPRESAS QUE PROPORCIONARON FORMACIÓN A SUS TRABAJADORES SOBRE SEGURIDAD, SALUD E HIGIENE EN EL TRABAJO, POR TAMAÑO DE LA EMPRESA, ACTIVIDAD ECONÓMICA Y COMUNIDAD AUTÓNOMA",tamano_empresa,De 10 a 49 trabajadores,78.531
2023,EAL-18c,"EMPRESAS QUE PROPORCIONARON FORMACIÓN A SUS TRABAJADORES SOBRE SEGURIDAD, SALUD E HIGIENE EN EL TRABAJO, POR TAMAÑO DE LA EMPRESA, ACTIVIDAD ECONÓMICA Y COMUNIDAD AUTÓNOMA",tamano_empresa,De 50 a 249 trabajadores,93.039
2023,EAL-18c,"EMPRESAS QUE PROPORCIONARON FORMACIÓN A SUS TRABAJADORES SOBRE SEGURIDAD, SALUD E HIGIENE EN EL TRABAJO, POR TAMAÑO DE LA EMPRESA, ACTIVIDAD ECONÓMICA Y COMUNIDAD AUTÓNOMA",tamano_empresa,De 250 a 499 trabajadores,95.566
2023,EAL-18c,"EMPRESAS QUE PROPORCIONARON FORMACIÓN A SUS TRABAJADORES SOBRE SEGURIDAD, SALUD E HIGIENE EN EL TRABAJO, POR TAMAÑO DE LA EMPRESA, ACTIVIDAD ECONÓMICA Y COMUNIDAD AUTÓNOMA",tamano_empresa,Más de 499 trabajadores,97.093
2023,EAL-18c,"EMPRESAS QUE PROPORCIONARON FORMACIÓN A SUS TRABAJADORES SOBRE SEGURIDAD, SALUD E HIGIENE EN EL TRABAJO, POR TAMAÑO DE LA EMPRESA, ACTIVIDAD ECONÓMICA Y COMUNIDAD AUTÓNOMA",sector,Industria,79.249
2023,EAL-18c,"EMPRESAS QUE PROPORCIONARON FORMACIÓN A SUS TRABAJADORES SOBRE SEGURIDAD, SALUD E HIGIENE EN EL TRABAJO, POR TAMAÑO DE LA EMPRESA, ACTIVIDAD ECONÓMICA Y COMUNIDAD AUTÓNOMA",sector,Construcción,81.786
2023,EAL-18c,"EMPRESAS QUE PROPORCIONARON FORMACIÓN A SUS TRABAJADORES SOBRE SEGURIDAD, SALUD E HIGIENE EN EL TRABAJO, POR TAMAÑO DE LA EMPRESA, ACTIVIDAD ECONÓMICA Y COMUNIDAD AUTÓNOMA",sector,Comercio y reparación de vehículos,69.71
2023,EAL-18c,"EMPRESAS QUE PROPORCIONARON FORMACIÓN A SUS TRABAJADORES SOBRE SEGURIDAD, SALUD E HIGIENE EN EL TRABAJO, POR TAMAÑO DE LA EMPRESA, ACTIVIDAD ECONÓMICA Y COMUNIDAD AUTÓNOMA",sector,Transporte y almacenamiento,78.148
2023,EAL-18c,"EMPRESAS QUE PROPORCIONARON FORMACIÓN A SUS TRABAJADORES SOBRE SEGURIDAD, SALUD E HIGIENE EN EL TRABAJO, POR TAMAÑO DE LA EMPRESA, ACTIVIDAD ECONÓMICA Y COMUNIDAD AUTÓNOMA",sector,Hostelería,69.843
2023,EAL-18c,"EMPRESAS QUE PROPORCIONARON FORMACIÓN A SUS TRABAJADORES SOBRE SEGURIDAD, SALUD E HIGIENE EN EL TRABAJO, POR TAMAÑO DE LA EMPRESA, ACTIVIDAD ECONÓMICA Y COMUNIDAD AUTÓNOMA",sector,"Información, comunicaciones, actividades financieras, de seguros e inmobiliarias",73.498
2023,EAL-18c,"EMPRESAS QUE PROPORCIONARON FORMACIÓN A SUS TRABAJADORES SOBRE SEGURIDAD, SALUD E HIGIENE EN EL TRABAJO, POR TAMAÑO DE LA EMPRESA, ACTIVIDAD ECONÓMICA Y COMUNIDAD AUTÓNOMA",sector,"Actividades profesionales, científicas y técnicas",70.226
2023,EAL-18c,"EMPRESAS QUE PROPORCIONARON FORMACIÓN A SUS TRABAJADORES SOBRE SEGURIDAD, SALUD E HIGIENE EN EL TRABAJO, POR TAMAÑO DE LA EMPRESA, ACTIVIDAD ECONÓMICA Y COMUNIDAD AUTÓNOMA",sector,Actividades administrativas y servicios auxiliares,77.03
2023,EAL-18c,"EMPRESAS QUE PROPORCIONARON FORMACIÓN A SUS TRABAJADORES SOBRE SEGURIDAD, SALUD E HIGIENE EN EL TRABAJO, POR TAMAÑO DE LA EMPRESA, ACTIVIDAD ECONÓMICA Y COMUNIDAD AUTÓNOMA",sector,"Actividades artísticas, recreativas y de entretenimiento y otros servicios",68.728
2023,EAL-18c,"EMPRESAS QUE PROPORCIONARON FORMACIÓN A SUS TRABAJADORES SOBRE SEGURIDAD, SALUD E HIGIENE EN EL TRABAJO, POR TAMAÑO DE LA EMPRESA, ACTIVIDAD ECONÓMICA Y COMUNIDAD AUTÓNOMA",ccaa,Andalucía,75.509
2023,EAL-18c,"EMPRESAS QUE PROPORCIONARON FORMACIÓN A SUS TRABAJADORES SOBRE SEGURIDAD, SALUD E HIGIENE EN EL TRABAJO, POR TAMAÑO DE LA EMPRESA, ACTIVIDAD ECONÓMICA Y COMUNIDAD AUTÓNOMA",ccaa,Aragón,69.395
2023,EAL-18c,"EMPRESAS QUE PROPORCIONARON FORMACIÓN A SUS TRABAJADORES SOBRE SEGURIDAD, SALUD E HIGIENE EN EL TRABAJO, POR TAMAÑO DE LA EMPRESA, ACTIVIDAD ECONÓMICA Y COMUNIDAD AUTÓNOMA",ccaa,Asturias (Principado de),64.758
2023,EAL-18c,"EMPRESAS QUE PROPORCIONARON FORMACIÓN A SUS TRABAJADORES SOBRE SEGURIDAD, SALUD E HIGIENE EN EL TRABAJO, POR TAMAÑO DE LA EMPRESA, ACTIVIDAD ECONÓMICA Y COMUNIDAD AUTÓNOMA",ccaa,Balears (Illes),78.099
2023,EAL-18c,"EMPRESAS QUE PROPORCIONARON FORMACIÓN A SUS TRABAJADORES SOBRE SEGURIDAD, SALUD E HIGIENE EN EL TRABAJO, POR TAMAÑO DE LA EMPRESA, ACTIVIDAD ECONÓMICA Y COMUNIDAD AUTÓNOMA",ccaa,Canarias,72.643
2023,EAL-18c,"EMPRESAS QUE PROPORCIONARON FORMACIÓN A SUS TRABAJADORES SOBRE SEGURIDAD, SALUD E HIGIENE EN EL TRABAJO, POR TAMAÑO DE LA EMPRESA, ACTIVIDAD ECONÓMICA Y COMUNIDAD AUTÓNOMA",ccaa,Cantabria,70.311
2023,EAL-18c,"EMPRESAS QUE PROPORCIONARON FORMACIÓN A SUS TRABAJADORES SOBRE SEGURIDAD, SALUD E HIGIENE EN EL TRABAJO, POR TAMAÑO DE LA EMPRESA, ACTIVIDAD ECONÓMICA Y COMUNIDAD AUTÓNOMA",ccaa,Castilla-La Mancha,69.528
2023,EAL-18c,"EMPRESAS QUE PROPORCIONARON FORMACIÓN A SUS TRABAJADORES SOBRE SEGURIDAD, SALUD E HIGIENE EN EL TRABAJO, POR TAMAÑO DE LA EMPRESA, ACTIVIDAD ECONÓMICA Y COMUNIDAD AUTÓNOMA",ccaa,Castilla y León,70.572
2023,EAL-18c,"EMPRESAS QUE PROPORCIONARON FORMACIÓN A SUS TRABAJADORES SOBRE SEGURIDAD, SALUD E HIGIENE EN EL TRABAJO, POR TAMAÑO DE LA EMPRESA, ACTIVIDAD ECONÓMICA Y COMUNIDAD AUTÓNOMA",ccaa,Cataluña,76.529
2023,EAL-18c,"EMPRESAS QUE PROPORCIONARON FORMACIÓN A SUS TRABAJADORES SOBRE SEGURIDAD, SALUD E HIGIENE EN EL TRABAJO, POR TAMAÑO DE LA EMPRESA, ACTIVIDAD ECONÓMICA Y COMUNIDAD AUTÓNOMA",ccaa,Comunitat Valenciana,77.683
2023,EAL-18c,"EMPRESAS QUE PROPORCIONARON FORMACIÓN A SUS TRABAJADORES SOBRE SEGURIDAD, SALUD E HIGIENE EN EL TRABAJO, POR TAMAÑO DE LA EMPRESA, ACTIVIDAD ECONÓMICA Y COMUNIDAD AUTÓNOMA",ccaa,Extremadura,72.836
2023,EAL-18c,"EMPRESAS QUE PROPORCIONARON FORMACIÓN A SUS TRABAJADORES SOBRE SEGURIDAD, SALUD E HIGIENE EN EL TRABAJO, POR TAMAÑO DE LA EMPRESA, ACTIVIDAD ECONÓMICA Y COMUNIDAD AUTÓNOMA",ccaa,Galicia,71.612
2023,EAL-18c,"EMPRESAS QUE PROPORCIONARON FORMACIÓN A SUS TRABAJADORES SOBRE SEGURIDAD, SALUD E HIGIENE EN EL TRABAJO, POR TAMAÑO DE LA EMPRESA, ACTIVIDAD ECONÓMICA Y COMUNIDAD AUTÓNOMA",ccaa,Madrid (Comunidad de),72.67
2023,EAL-18c,"EMPRESAS QUE PROPORCIONARON FORMACIÓN A SUS TRABAJADORES SOBRE SEGURIDAD, SALUD E HIGIENE EN EL TRABAJO, POR TAMAÑO DE LA EMPRESA, ACTIVIDAD ECONÓMICA Y COMUNIDAD AUTÓNOMA",ccaa,Murcia (Región de),76.808
2023,EAL-18c,"EMPRESAS QUE PROPORCIONARON FORMACIÓN A SUS TRABAJADORES SOBRE SEGURIDAD, SALUD E HIGIENE EN EL TRABAJO, POR TAMAÑO DE LA EMPRESA, ACTIVIDAD ECONÓMICA Y COMUNIDAD AUTÓNOMA",ccaa,Navarra (Comunidad Foral de),73.635
2023,EAL-18c,"EMPRESAS QUE PROPORCIONARON FORMACIÓN A SUS TRABAJADORES SOBRE SEGURIDAD, SALUD E HIGIENE EN EL TRABAJO, POR TAMAÑO DE LA EMPRESA, ACTIVIDAD ECONÓMICA Y COMUNIDAD AUTÓNOMA",ccaa,País Vasco,64.572
2023,EAL-18c,"EMPRESAS QUE PROPORCIONARON FORMACIÓN A SUS TRABAJADORES SOBRE SEGURIDAD, SALUD E HIGIENE EN EL TRABAJO, POR TAMAÑO DE LA EMPRESA, ACTIVIDAD ECONÓMICA Y COMUNIDAD AUTÓNOMA",ccaa,"Rioja, La",70.55
