anio,tabla,pregunta,ambito,categoria,DETECTARON NECESIDADES FORMATIVAS DE SU PERSONAL - TOTAL,DETECTARON NECESIDADES FORMATIVAS DE SU PERSONAL - PROPORCIONARON FORMACIÓN (1),DETECTARON NECESIDADES FORMATIVAS DE SU PERSONAL - NO PROPORCIONARON FORMACIÓN (1),NO DETECTARON NECESIDADES FORMATIVAS DE SU PERSONAL - TOTAL,NO DETECTARON NECESIDADES FORMATIVAS DE SU PERSONAL - PROPORCIONARON FORMACIÓN (2),NO DETECTARON NECESIDADES FORMATIVAS DE SU PERSONAL - NO PROPORCIONARON FORMACIÓN (2)
2023,EAL-18,"EMPRESAS, SEGÚN DETECTARAN O NO NECESIDADES FORMATIVAS DE SU PERSONAL E IMPARTIERAN O NO FORMACIÓN, POR TAMAÑO DE LA EMPRESA, ACTIVIDAD ECONÓMICA Y COMUNIDAD AUTÓNOMA",total_empresas,TOTAL,28.60934060234437,88.22403738656622,11.774955432231812,71.39065939765563,66.8247516720012,33.17524832799881
2023,EAL-18,"EMPRESAS, SEGÚN DETECTARAN O NO NECESIDADES FORMATIVAS DE SU PERSONAL E IMPARTIERAN O NO FORMACIÓN, POR TAMAÑO DE LA EMPRESA, ACTIVIDAD ECONÓMICA Y COMUNIDAD AUTÓNOMA",tamano_empresa,De 5 a 9 trabajadores,23.393982083719138,81.22040647840129,18.77716533521113,76.60658596576934,59.6163400292157,40.3836599707843
2023,EAL-18,"EMPRESAS, SEGÚN DETECTARAN O NO NECESIDADES FORMATIVAS DE SU PERSONAL E IMPARTIERAN O NO FORMACIÓN, POR TAMAÑO DE LA EMPRESA, ACTIVIDAD ECONÓMICA Y COMUNIDAD AUTÓNOMA",tamano_empresa,De 10 a 49 trabajadores,30.49364816349075,91.31931079765435,8.680689202345643,69.50635183650925,73.66523298203093,26.335760332959183
2023,EAL-18,"EMPRESAS, SEGÚN DETECTARAN O NO NECESIDADES FORMATIVAS DE SU PERSONAL E IMPARTIERAN O NO FORMACIÓN, POR TAMAÑO DE LA EMPRESA, ACTIVIDAD ECONÓMICA Y COMUNIDAD AUTÓNOMA",tamano_empresa,De 50 a 249 trabajadores,51.02304147465438,98.91618497109826,1.0928468208092486,48.97695852534562,89.01016183665789,10.989838163342116
2023,EAL-18,"EMPRESAS, SEGÚN DETECTARAN O NO NECESIDADES FORMATIVAS DE SU PERSONAL E IMPARTIERAN O NO FORMACIÓN, POR TAMAÑO DE LA EMPRESA, ACTIVIDAD ECONÓMICA Y COMUNIDAD AUTÓNOMA",tamano_empresa,De 250 a 499 trabajadores,64.27137695704536,99.87507807620236,0.1249219237976264,35.72862304295464,95.50561797752808,4.49438202247191
2023,EAL-18,"EMPRESAS, SEGÚN DETECTARAN O NO NECESIDADES FORMATIVAS DE SU PERSONAL E IMPARTIERAN O NO FORMACIÓN, POR TAMAÑO DE LA EMPRESA, ACTIVIDAD ECONÓMICA Y COMUNIDAD AUTÓNOMA",tamano_empresa,Más de 499 trabajadores,64.14807302231237,99.84189723320158,0.0790513833992094,35.851926977687626,98.3026874115983,1.8387553041018387
2023,EAL-18,"EMPRESAS, SEGÚN DETECTARAN O NO NECESIDADES FORMATIVAS DE SU PERSONAL E IMPARTIERAN O NO FORMACIÓN, POR TAMAÑO DE LA EMPRESA, ACTIVIDAD ECONÓMICA Y COMUNIDAD AUTÓNOMA",sector,Industria,30.025028698319502,94.68505170792857,5.321215919774366,69.9749713016805,71.3505808950086,28.649419104991395
2023,EAL-18,"EMPRESAS, SEGÚN DETECTARAN O NO NECESIDADES FORMATIVAS DE SU PERSONAL E IMPARTIERAN O NO FORMACIÓN, POR TAMAÑO DE LA EMPRESA, ACTIVIDAD ECONÓMICA Y COMUNIDAD AUTÓNOMA",sector,Construcción,30.237876376028517,91.44361236746497,8.556387632535033,69.76212362397148,74.17405836225736,25.82594163774264
2023,EAL-18,"EMPRESAS, SEGÚN DETECTARAN O NO NECESIDADES FORMATIVAS DE SU PERSONAL E IMPARTIERAN O NO FORMACIÓN, POR TAMAÑO DE LA EMPRESA, ACTIVIDAD ECONÓMICA Y COMUNIDAD AUTÓNOMA",sector,Comercio y reparación de vehículos,25.820307692307697,87.30635397302063,12.69364602697936,74.1796923076923,64.92342917821175,35.07657082178826
2023,EAL-18,"EMPRESAS, SEGÚN DETECTARAN O NO NECESIDADES FORMATIVAS DE SU PERSONAL E IMPARTIERAN O NO FORMACIÓN, POR TAMAÑO DE LA EMPRESA, ACTIVIDAD ECONÓMICA Y COMUNIDAD AUTÓNOMA",sector,Transporte y almacenamiento,25.97521332791548,92.45209229565896,7.567461869378177,74.02478667208452,75.10635378070536,24.89364621929463
2023,EAL-18,"EMPRESAS, SEGÚN DETECTARAN O NO NECESIDADES FORMATIVAS DE SU PERSONAL E IMPARTIERAN O NO FORMACIÓN, POR TAMAÑO DE LA EMPRESA, ACTIVIDAD ECONÓMICA Y COMUNIDAD AUTÓNOMA",sector,Hostelería,21.678355192740867,71.0759027266028,28.916728076639647,78.32164480725913,54.875884716584736,45.124115283415264
2023,EAL-18,"EMPRESAS, SEGÚN DETECTARAN O NO NECESIDADES FORMATIVAS DE SU PERSONAL E IMPARTIERAN O NO FORMACIÓN, POR TAMAÑO DE LA EMPRESA, ACTIVIDAD ECONÓMICA Y COMUNIDAD AUTÓNOMA",sector,"Información, comunicaciones, actividades financieras, de seguros e inmobiliarias",36.785714285714285,94.10007468259896,5.8849887976101565,63.214285714285715,73.81138635375923,26.188613646240764
2023,EAL-18,"EMPRESAS, SEGÚN DETECTARAN O NO NECESIDADES FORMATIVAS DE SU PERSONAL E IMPARTIERAN O NO FORMACIÓN, POR TAMAÑO DE LA EMPRESA, ACTIVIDAD ECONÓMICA Y COMUNIDAD AUTÓNOMA",sector,"Actividades profesionales, científicas y técnicas",39.235554893268265,90.5146221040638,9.485377895936194,60.764445106731735,77.80638832689596,22.187480841150144
2023,EAL-18,"EMPRESAS, SEGÚN DETECTARAN O NO NECESIDADES FORMATIVAS DE SU PERSONAL E IMPARTIERAN O NO FORMACIÓN, POR TAMAÑO DE LA EMPRESA, ACTIVIDAD ECONÓMICA Y COMUNIDAD AUTÓNOMA",sector,Actividades administrativas y servicios auxiliares,37.688389980251536,87.42415885273029,12.589630446773304,62.311610019748464,63.80316930775646,36.19683069224354
2023,EAL-18,"EMPRESAS, SEGÚN DETECTARAN O NO NECESIDADES FORMATIVAS DE SU PERSONAL E IMPARTIERAN O NO FORMACIÓN, POR TAMAÑO DE LA EMPRESA, ACTIVIDAD ECONÓMICA Y COMUNIDAD AUTÓNOMA",sector,"Actividades artísticas, recreativas y de entretenimiento y otros servicios",26.54780746671632,92.845870594424,7.154129405576013,73.45219253328368,64.25629000570379,35.75004753152925
2023,EAL-18,"EMPRESAS, SEGÚN DETECTARAN O NO NECESIDADES FORMATIVAS DE SU PERSONAL E IMPARTIERAN O NO FORMACIÓN, POR TAMAÑO DE LA EMPRESA, ACTIVIDAD ECONÓMICA Y COMUNIDAD AUTÓNOMA",ccaa,Andalucía,25.5608504398827,87.45159902480998,12.54840097519002,74.4391495601173,68.45176540109323,31.54823459890678
2023,EAL-18,"EMPRESAS, SEGÚN DETECTARAN O NO NECESIDADES FORMATIVAS DE SU PERSONAL E IMPARTIERAN O NO FORMACIÓN, POR TAMAÑO DE LA EMPRESA, ACTIVIDAD ECONÓMICA Y COMUNIDAD AUTÓNOMA",ccaa,Aragón,33.23490479584564,91.8811274509804,8.118872549019608,66.76509520415436,72.44166539576025,27.558334604239743
2023,EAL-18,"EMPRESAS, SEGÚN DETECTARAN O NO NECESIDADES FORMATIVAS DE SU PERSONAL E IMPARTIERAN O NO FORMACIÓN, POR TAMAÑO DE LA EMPRESA, ACTIVIDAD ECONÓMICA Y COMUNIDAD AUTÓNOMA",ccaa,Asturias (Principado de),24.347966952859224,93.2135728542914,6.786427145708583,75.65203304714078,68.99357601713062,31.00642398286938
2023,EAL-18,"EMPRESAS, SEGÚN DETECTARAN O NO NECESIDADES FORMATIVAS DE SU PERSONAL E IMPARTIERAN O NO FORMACIÓN, POR TAMAÑO DE LA EMPRESA, ACTIVIDAD ECONÓMICA Y COMUNIDAD AUTÓNOMA",ccaa,Balears (Illes),27.59180727239917,83.35513407455853,16.612164813603663,72.40819272760083,60.797507788161994,39.202492211838006
2023,EAL-18,"EMPRESAS, SEGÚN DETECTARAN O NO NECESIDADES FORMATIVAS DE SU PERSONAL E IMPARTIERAN O NO FORMACIÓN, POR TAMAÑO DE LA EMPRESA, ACTIVIDAD ECONÓMICA Y COMUNIDAD AUTÓNOMA",ccaa,Canarias,28.258163930539915,88.06627516778524,11.933724832214764,71.74183606946008,52.457662123089634,47.542337876910366
2023,EAL-18,"EMPRESAS, SEGÚN DETECTARAN O NO NECESIDADES FORMATIVAS DE SU PERSONAL E IMPARTIERAN O NO FORMACIÓN, POR TAMAÑO DE LA EMPRESA, ACTIVIDAD ECONÓMICA Y COMUNIDAD AUTÓNOMA",ccaa,Cantabria,28.604412519240636,93.00448430493272,6.995515695067264,71.39558748075936,70.71505569529285,29.28494430470715
2023,EAL-18,"EMPRESAS, SEGÚN DETECTARAN O NO NECESIDADES FORMATIVAS DE SU PERSONAL E IMPARTIERAN O NO FORMACIÓN, POR TAMAÑO DE LA EMPRESA, ACTIVIDAD ECONÓMICA Y COMUNIDAD AUTÓNOMA",ccaa,Castilla-La Mancha,24.022085698732404,90.25574619618,9.744253803820008,75.97791430126759,63.37768679631525,36.62231320368475
2023,EAL-18,"EMPRESAS, SEGÚN DETECTARAN O NO NECESIDADES FORMATIVAS DE SU PERSONAL E IMPARTIERAN O NO FORMACIÓN, POR TAMAÑO DE LA EMPRESA, ACTIVIDAD ECONÓMICA Y COMUNIDAD AUTÓNOMA",ccaa,Castilla y León,27.91500664010624,90.8420551855376,9.157944814462416,72.08499335989376,68.66249078850406,31.33750921149595
2023,EAL-18,"EMPRESAS, SEGÚN DETECTARAN O NO NECESIDADES FORMATIVAS DE SU PERSONAL E IMPARTIERAN O NO FORMACIÓN, POR TAMAÑO DE LA EMPRESA, ACTIVIDAD ECONÓMICA Y COMUNIDAD AUTÓNOMA",ccaa,Cataluña,32.39639971738396,85.19817940451355,14.797079461407169,67.60360028261604,69.34611714454492,30.65615485981733
2023,EAL-18,"EMPRESAS, SEGÚN DETECTARAN O NO NECESIDADES FORMATIVAS DE SU PERSONAL E IMPARTIERAN O NO FORMACIÓN, POR TAMAÑO DE LA EMPRESA, ACTIVIDAD ECONÓMICA Y COMUNIDAD AUTÓNOMA",ccaa,Comunitat Valenciana,25.049590559991863,89.88832487309645,10.111675126903553,74.95040944000814,67.03650922909881,32.963490770901196
2023,EAL-18,"EMPRESAS, SEGÚN DETECTARAN O NO NECESIDADES FORMATIVAS DE SU PERSONAL E IMPARTIERAN O NO FORMACIÓN, POR TAMAÑO DE LA EMPRESA, ACTIVIDAD ECONÓMICA Y COMUNIDAD AUTÓNOMA",ccaa,Extremadura,22.181576321915532,88.9055472263868,11.094452773613192,77.81842367808447,63.09829059829059,36.90170940170941
2023,EAL-18,"EMPRESAS, SEGÚN DETECTARAN O NO NECESIDADES FORMATIVAS DE SU PERSONAL E IMPARTIERAN O NO FORMACIÓN, POR TAMAÑO DE LA EMPRESA, ACTIVIDAD ECONÓMICA Y COMUNIDAD AUTÓNOMA",ccaa,Galicia,29.900724443251946,97.84637473079684,2.1536252692031588,70.09927555674805,66.65390798438337,33.34609201561663
2023,EAL-18,"EMPRESAS, SEGÚN DETECTARAN O NO NECESIDADES FORMATIVAS DE SU PERSONAL E IMPARTIERAN O NO FORMACIÓN, POR TAMAÑO DE LA EMPRESA, ACTIVIDAD ECONÓMICA Y COMUNIDAD AUTÓNOMA",ccaa,Madrid (Comunidad de),31.302140007254263,85.50954442885893,14.490455571141062,68.69976900902965,67.1686998082641,32.831300191735906
2023,EAL-18,"EMPRESAS, SEGÚN DETECTARAN O NO NECESIDADES FORMATIVAS DE SU PERSONAL E IMPARTIERAN O NO FORMACIÓN, POR TAMAÑO DE LA EMPRESA, ACTIVIDAD ECONÓMICA Y COMUNIDAD AUTÓNOMA",ccaa,Murcia (Región de),25.870473537604457,90.34320323014803,9.656796769851953,74.12952646239555,67.96618130577735,32.03381869422264
2023,EAL-18,"EMPRESAS, SEGÚN DETECTARAN O NO NECESIDADES FORMATIVAS DE SU PERSONAL E IMPARTIERAN O NO FORMACIÓN, POR TAMAÑO DE LA EMPRESA, ACTIVIDAD ECONÓMICA Y COMUNIDAD AUTÓNOMA",ccaa,Navarra (Comunidad Foral de),30.28391167192429,91.59722222222224,8.402777777777779,69.71608832807571,63.951734539969834,36.01809954751131
2023,EAL-18,"EMPRESAS, SEGÚN DETECTARAN O NO NECESIDADES FORMATIVAS DE SU PERSONAL E IMPARTIERAN O NO FORMACIÓN, POR TAMAÑO DE LA EMPRESA, ACTIVIDAD ECONÓMICA Y COMUNIDAD AUTÓNOMA",ccaa,País Vasco,31.43342226534077,89.75694444444444,10.243055555555555,68.56657773465923,66.48390519985851,33.516094800141495
2023,EAL-18,"EMPRESAS, SEGÚN DETECTARAN O NO NECESIDADES FORMATIVAS DE SU PERSONAL E IMPARTIERAN O NO FORMACIÓN, POR TAMAÑO DE LA EMPRESA, ACTIVIDAD ECONÓMICA Y COMUNIDAD AUTÓNOMA",ccaa,"Rioja, La",19.825535289452816,93.6,6.4,80.17446471054718,69.68348170128586,30.316518298714143
