Variable_original,Etiqueta_Stata,Estado,Variable_destino
a01,a01: anio de la entrevista,Eliminada: perfil no seleccionado para segmentación,
a02,a02: mes de la entrevista,Eliminada: perfil no seleccionado para segmentación,
a0000,"a0000: es requisito que pregunte su genero, es vd. hombre o mujer?",Conservada directamente,a0000
a0400,a0400: en que anio nacio?,Eliminada: perfil no seleccionado para segmentación,
a04,a04: edad calculada,Conservada directamente,a04
a0800,a0800: me podria decir su edad aproximada?,Eliminada: perfil no seleccionado para segmentación,
a0100,a0100: en que pais nacio?,Conservada directamente,a0100
a0320,a0320: nacio alguno de sus padres fuera de espania?,Conservada directamente,a0320
a1030,a1030: cual es su estado civil actual?,Conservada directamente,a1030
a1040,a1040: cual es su regimen economico matrimonial?,Eliminada: perfil no seleccionado para segmentación,
a0910,a0910: con cuantas personas vive habitualmente (incluyendose a si mismo)?,Conservada directamente,a0910
a1100,a1100: cual es el mayor nivel de formacion que ha alcanzado?,Conservada directamente,a1100
a1200,a1200: cual es el contenido del titulo universitario que ha obtenido?,Eliminada: perfil no seleccionado para segmentación,
a1300,a1300: cual es el contenido del titulo de formacion profesional que ha obtenido?,Eliminada: perfil no seleccionado para segmentación,
a1400,"a1400: cuantos libros habia, donde vivia cuando tenia 10 anios?",Conservada directamente,a1400
a1410,a1410: le explicaron sus padres como encargarse de asuntos financieros?,Conservada directamente,a1410
a1420a,a1420a: ha recibido formación financiera de otra manera?: a. colegio,Agrupada en variable padre,a1420x
a1420b,a1420b: ha recibido formación financiera de otra manera?: b. universidad,Agrupada en variable padre,a1420x
a1420c,a1420c: ha recibido formación financiera de otra manera?: c. trabajo,Agrupada en variable padre,a1420x
a1420d,a1420d: ha recibido formación financiera de otra manera?: d. cursos ,Agrupada en variable padre,a1420x
a1420e,a1420e: ha recibido formación financiera de otra manera?: e. estudios autodirigi,Agrupada en variable padre,a1420x
a1420f,a1420f: ha recibido formación financiera de otra manera?: f. otra via,Agrupada en variable padre,a1420x
a1420g,a1420g: ha recibido formación financiera de otra manera?: g. no,Agrupada en variable padre,a1420x
a1500,a1500: cual es su situacion laboral actual?,Conservada directamente,a1500
a1510,"a1510. si tiene más de una situacion laboral, cual es la secundaria?",Conservada directamente,a1510
a1600,a1600: cual es el nivel de estudios que esta cursando?,Eliminada: perfil no seleccionado para segmentación,
a1520,a1520: trabaja a tiempo completo o parcial?,Conservada directamente,a1520
a1530,a1530: tiene empleados a su cargo?,Conservada directamente,a1530
a2000,a2000: que tipo de contrato laboral tiene?,Eliminada: perfil no seleccionado para segmentación,
a1700,a1700: ha trabajado alguna vez...?,Conservada directamente,a1700
a1710,a1710. cuantos años ha trabajado en total?,Conservada directamente,a1710
a1900,a1900: su trabajo se relaciona/relacionaba con temas financieros?,Conservada directamente,a1900
a2100,a2100: probabilidad de perder su trabajo en los proximos 12 meses?,Eliminada: perfil no seleccionado para segmentación,
a2200,a2200: probabilidad de encontrar un trabajo en los proximos 12 meses con...?,Eliminada: perfil no seleccionado para segmentación,
a2300,a2300: probabilidad de encontrar un trabajo en los proximos 12 meses?,Eliminada: perfil no seleccionado para segmentación,
a2500,a2500: cual es el mayor nivel de formacion que ha alcanzado su pareja?,Eliminada: perfil no seleccionado para segmentación,
a2400,a2400: cual es la situacion laboral actual de su conyuge o pareja?,Eliminada: perfil no seleccionado para segmentación,
a2600,a2600: seleccione la categoria que mas se aproxima a la ocupacion de su madre,Eliminada: perfil no seleccionado para segmentación,
a2700,a2700: seleccione la categoria que mas se aproxima a la ocupacion de su padre,Eliminada: perfil no seleccionado para segmentación,
b0100,"b0100: poseen cuentas corrientes, libretas u otros depositos...?",Conservada directamente,b0100
b0110a,b0110a: en los ultimos 12 meses...: a. visitando personalmente alguna oficina,Agrupada en variable padre,b0110x
b0110b,b0110b: en los ultimos 12 meses...: b. usando un cajero automatico,Agrupada en variable padre,b0110x
b0110c,b0110c: en los ultimos 12 meses...: c. llamando por telefono,Agrupada en variable padre,b0110x
b0110d,b0110d: en los ultimos 12 meses...: d. usando ordenador/tablet,Agrupada en variable padre,b0110x
b0110e,b0110e: en los ultimos 12 meses...: e. usando el telefono movil (apps),Agrupada en variable padre,b0110x
b0110f,b0110f: en los ultimos 12 meses...: f. otros,Agrupada en variable padre,b0110x
b0110g,b0110g: en los ultimos 12 meses...: g. no he accedido en los ultimos 12 meses,Agrupada en variable padre,b0110x
b0120a,b0120a: en que manera prefiera relacionarse con un banco: a. visitando personalm,Agrupada en variable padre,b0120x
b0120b,b0120b: en que manera prefiera relacionarse con un banco: b. usando un cajero au,Agrupada en variable padre,b0120x
b0120c,b0120c: en que manera prefiera relacionarse con un banco: c. llamando por telefo,Agrupada en variable padre,b0120x
b0120d,b0120d: en que manera prefiera relacionarse con un banco: d. usando el ordenador,Agrupada en variable padre,b0120x
b0120e,b0120e: en que manera prefiera relacionarse con un banco: e. usando el telefono ,Agrupada en variable padre,b0120x
b0120f,b0120f: en que manera prefiera relacionarse con un banco: f. otros,Agrupada en variable padre,b0120x
b0130a,"b0130a: en los últimos 12 meses, ha realizado algun pago…?: a. utilizando una ap",Agrupada en variable padre,b0130x
b0130b,"b0130b:en los últimos 12 meses, ha realizado algun pago…?: b. utilizando apps ba",Agrupada en variable padre,b0130x
b0130c,"b0130c: en los últimos 12 meses, ha realizado algun pago…?: c. ninguna de ellas",Agrupada en variable padre,b0130x
b0208,b0208: ha oido hablar de las cuentas o depositos de ahorro o a plazo...?,Conservada directamente,b0208
b0308,"b0308: en la actualidad tiene, personal o conjuntamente, alguna cuenta...?",Conservada directamente,b0308
b0408,"b0408: en los ultimos 2 anios ha contratado,(...) cuenta o deposito de ahorro...",Conservada directamente,b0408
b0201,b0201: ha oido hablar de las hipotecas? ,Conservada directamente,b0201
b0301,"b0301: en la actualidad tiene, personal o conjuntamente, alguna hipoteca?",Conservada directamente,b0301
b0401,"b0401: en los ultimos 2 anios ha contratado,(...) alguna hipoteca...?",Conservada directamente,b0401
b0202,b0202: ha oido hablar de los planes de pensiones individuales o de empresa?,Conservada directamente,b0202
b0302,b0302: en la actualidad tiene algun plan de pensiones individual o de empresa?,Conservada directamente,b0302
b0402,"b0402: en los ultimos 2 anios ha contratado,(...) plan de pensiones...?",Conservada directamente,b0402
b0203,b0203: ha oido hablar de los fondos de inversion?,Conservada directamente,b0203
b0303,"b0303: en la actualidad tiene, personal o conjuntamente, fondo de inversion?",Conservada directamente,b0303
b0403,"b0403: en los ultimos 2 anios ha contratado,(...)algun fondo de inversion...?",Conservada directamente,b0403
b0204,b0204: ha oido hablar de las acciones?,Conservada directamente,b0204
b0304,"b0304: en la actualidad tiene, personal o conjuntamente, acciones de empresas?",Conservada directamente,b0304
b0404,"b0404: en los ultimos 2 anios ha adquirido,(...)acciones de alguna empresa...?",Conservada directamente,b0404
b0205,b0205: ha oido hablar de los activos de renta fija publica/privada...?,Conservada directamente,b0205
b0305,"b0305: en la actualidad tiene, (...) algun activo de renta fija publica/privada?",Conservada directamente,b0305
b0405,"b0405: en los ultimos 2 anios ha adquirido,(...) algun activo de renta fija...?",Conservada directamente,b0405
b0206,b0206: ha oido hablar de los prestamos personales?,Conservada directamente,b0206
b0306,"b0306: en la actualidad tiene, personal o conjuntamente, prestamo personal?",Conservada directamente,b0306
b0406,"b0406: en los ultimos 2 anios ha adquirido,(...) algun prestamo personal...?",Conservada directamente,b0406
b0207,b0207: ha oido hablar de las tarjetas de credito?,Conservada directamente,b0207
b0307,"b0307: en la actualidad tiene, personal o conjuntamente, tarjeta de credito?",Conservada directamente,b0307
b0407,"b0407: en los ultimos 2 anios ha adquirido,(...) alguna tarjeta de credito...?",Conservada directamente,b0407
b0209,b0209: ha oido hablar de los seguros de vida?,Conservada directamente,b0209
b0309,b0309: en la actualidad tiene suscrito algun seguro de vida?,Conservada directamente,b0309
b0409,"b0409: en los ultimos 2 anios ha adquirido,(...) algun seguro de vida...?",Conservada directamente,b0409
b0210,b0210: ha oido hablar de los seguros medicos?,Conservada directamente,b0210
b0310,"b0310: en la actualidad tiene suscrito, personal o conjuntamente,seguro medico?",Conservada directamente,b0310
b0410,"b0410: en los ultimos 2 anios ha adquirido,(...) algun seguro medico...?",Conservada directamente,b0410
b0212,b0212: ha oido hablar de las criptomonedas?,Conservada directamente,b0212
b0312,"b0312: en la actualidad tiene suscrito, personal o conjuntamente, algunas cripto",Conservada directamente,b0312
b0412,"b0412: en los ultimos 2 anios ha adquirido,(...) alguna criptomoneda...?",Conservada directamente,b0412
b1100a,b1100a: que productos son exclusivamente suyos?: a. cuenta corriente,Agrupada en variable padre,b1100x
b1100b,b1100b: que productos son exclusivamente suyos?: b. cuenta o deposito de ahorro…,Agrupada en variable padre,b1100x
b1100c,b1100c: que productos son exclusivamente suyos?: c. hipoteca,Agrupada en variable padre,b1100x
b1100d,b1100d: que productos son exclusivamente suyos?: d. fondo de inversion,Agrupada en variable padre,b1100x
b1100e,b1100e: que productos son exclusivamente suyos?: e. acciones,Agrupada en variable padre,b1100x
b1100f,b1100f: que productos son exclusivamente suyos?: f. activos de renta fija,Agrupada en variable padre,b1100x
b1100g,b1100g: que productos son exclusivamente suyos?: g. criptomonedas,Agrupada en variable padre,b1100x
b1100i,b1100i: que productos son exclusivamente suyos?: i. prestamos,Agrupada en variable padre,b1100x
b1100h,b1100h: que productos son exclusivamente suyos?: h. ninguno,Agrupada en variable padre,b1100x
b0502,b0502: cual fue el ultimo producto o servicio contratado por decision propia?,Conservada directamente,b0502
b0503,b0503: se trato de una decision individual o conjunta?,Conservada directamente,b0503
b0600,b0600: cual de las afirmaciones siguientes describe mejor como eligio...?,Conservada directamente,b0600
b0720a,b0720a: que fuentes de informacion utilizaron…: a. comparaciones de productos...,Agrupada en variable padre,b0720x
b0720b,b0720b: que fuentes de informacion utilizaron… :b. recomendacion de un consultor,Agrupada en variable padre,b0720x
b0720c,b0720c: que fuentes de informacion utilizaron…: c. informacion de un anuncio,Agrupada en variable padre,b0720x
b0720d,b0720d: que fuentes de informacion utilizaron…: d. recomendacion de mi pareja,Agrupada en variable padre,b0720x
b0720e,b0720e: que fuentes de informacion utilizaron…: e. recomendacion de familiares,Agrupada en variable padre,b0720x
b0720f,b0720f: que fuentes de informacion utilizaron…: f. recomendacion de amigos o con,Agrupada en variable padre,b0720x
b0720g,b0720g: que fuentes de informacion utilizaron…: g. informacion proporcionada por,Agrupada en variable padre,b0720x
b0720h,b0720h: que fuentes de informacion utilizaron…: h. otros,Agrupada en variable padre,b0720x
b0720i,b0720i: que fuentes de informacion utilizaron…: i. ninguna,Agrupada en variable padre,b0720x
b0710a,b0710a: que fuentes de informacion influyeron mas: a. comparaciones de productos,Agrupada en variable padre,b0710x
b0710b,b0710b: que fuentes de informacion influyeron mas: b. recomendacion de un consul,Agrupada en variable padre,b0710x
b0710c,b0710c: que fuentes de informacion influyeron mas: c. informacion de un anuncio,Agrupada en variable padre,b0710x
b0710d,b0710d: que fuentes de informacion influyeron mas: d. recomendacion de mi pareja,Agrupada en variable padre,b0710x
b0710e,b0710e: que fuentes de informacion influyeron mas: e. recomendacionde familiares,Agrupada en variable padre,b0710x
b0710f,b0710f: que fuentes de informacion influyeron mas: f. recomendacion de amigos o ,Agrupada en variable padre,b0710x
b0710g,b0710g: que fuentes de informacion influyeron mas: g. informacion proporcionada ,Agrupada en variable padre,b0710x
b0710h,b0710h: que fuentes de informacion influyeron mas: h. otros,Agrupada en variable padre,b0710x
b0710i,b0710i: que fuentes de informacion influyeron mas: i. ninguna,Agrupada en variable padre,b0710x
b1000a,b1000a: ha estado los ultimos 12 meses: a. ahorrando dinero en metalico,Agrupada en variable padre,b1000x
b1000b,b1000b: ha estado los ultimos 12 meses: b. ahorrando en cuentas corrientes,Agrupada en variable padre,b1000x
b1000c,b1000c: ha estado los ultimos 12 meses: c. ahorrando en cuentas ahorro a plazo,Agrupada en variable padre,b1000x
b1000d,b1000d: ha estado los ultimos 12 meses: d. dando dinero a familiares para que...,Agrupada en variable padre,b1000x
b1000e,b1000e: ha estado los ultimos 12 meses: e. adquiriendo propiedades inmobiliarias,Agrupada en variable padre,b1000x
b1000f,b1000f: ha estado los ultimos 12 meses: f. enviando remesas a familiares,Agrupada en variable padre,b1000x
b1000g,b1000g: ha estado los ultimos 12 meses: g. contribuyendo fondo de inversion...,Agrupada en variable padre,b1000x
b1000h,b1000h: ha estado los ultimos 12 meses: h. aportando a su plan de pensiones,Agrupada en variable padre,b1000x
b1000i,b1000i: ha estado los ultimos 12 meses: i. otros (incluyendo criptomonedas),Agrupada en variable padre,b1000x
b1000j,b1000j: ha estado los ultimos 12 meses: j. no ha estado ahorrando,Agrupada en variable padre,b1000x
b1103,b1103: en los ultimos 2 anios ha utilizado algun desconocido el numero de su cue,Conservada directamente,b1103
b1201,"b1201: en los ultimos 5 anios, ha tenido alguna desavenencia por productos...?",Conservada directamente,b1201
b1203a,b1203a: con que productos tuve desavenencias?: a. prestamos hipotecarios,Agrupada en variable padre,b1203x
b1203b,b1203b: con que productos tuve desavenencias?: b. prestamos personales,Agrupada en variable padre,b1203x
b1203c,b1203c: con que productos tuve desavenencias?: c. tarjetas y medios de pago,Agrupada en variable padre,b1203x
b1203d,"b1203d: con que productos tuve desavenencias?: d. preferentes, convertibles…",Agrupada en variable padre,b1203x
b1203e,b1203e: con que productos tuve desavenencias?: e. depositos y cuentas,Agrupada en variable padre,b1203x
b1203f,b1203f: con que productos tuve desavenencias?: f. seguros y fondos de pensiones,Agrupada en variable padre,b1203x
b1203g,b1203g: con que productos tuve desavenencias?: g. otros,Agrupada en variable padre,b1203x
b1204a,b1204a: que tipo de desavenencia sobre prestamos bancarios?: a. aplicacion de cl,Agrupada en variable padre,b1204x
b1204b,b1204b: que tipo de desavenencia sobre prestamos bancarios?: b. discrepancias so,Agrupada en variable padre,b1204x
b1204c,b1204c: que tipo de desavenencia sobre prestamos bancarios?: c. solicitud de red,Agrupada en variable padre,b1204x
b1204d,b1204d: que tipo de desavenencia sobre prestamos bancarios?: d. comisiones,Agrupada en variable padre,b1204x
b1204e,b1204e: que tipo de desavenencia sobre prestamos bancarios?: e. gastos de formal,Agrupada en variable padre,b1204x
b1204f,b1204f: que tipo de desavenencia sobre prestamos bancarios?: f. documentacion,Agrupada en variable padre,b1204x
b1204g,b1204g: que tipo de desavenencia sobre prestamos bancarios?: g. otros,Agrupada en variable padre,b1204x
b1205a,b1205a: que tipo de desavenencia sobre prestamos personales?: a. discrepancias,Agrupada en variable padre,b1205x
b1205b,b1205b: que tipo de desavenencia sobre prestamos personales?: b. ausencia de inf,Agrupada en variable padre,b1205x
b1205c,b1205c: que tipo de desavenencia sobre prestamos personales?: c. disconformidad,Agrupada en variable padre,b1205x
b1205d,b1205d: que tipo de desavenencia sobre prestamos personales?: d. solicitud de re,Agrupada en variable padre,b1205x
b1205e,b1205e: que tipo de desavenencia sobre prestamos personales?: e. otros,Agrupada en variable padre,b1205x
b1206a,b1206a: que tipo de desavenencia sobre tarjetas y medios de pago?: a. cambios en,Agrupada en variable padre,b1206x
b1206b,b1206b: que tipo de desavenencia sobre tarjetas y medios de pago?: b. informacio,Agrupada en variable padre,b1206x
b1206c,b1206c: que tipo de desavenencia sobre tarjetas y medios de pago?: c. operacione,Agrupada en variable padre,b1206x
b1206d,b1206d: que tipo de desavenencia sobre tarjetas y medios de pago?: d. disconform,Agrupada en variable padre,b1206x
b1206e,b1206e: que tipo de desavenencia sobre tarjetas y medios de pago?: e. otros ,Agrupada en variable padre,b1206x
b1207a,"b1207a: que tipo de desavenencia sobre preferentes, convertibles o deu…?: a. fal",Agrupada en variable padre,b1207x
b1207b,"b1207b: que tipo de desavenencia sobre preferentes, convertibles o deu…?: b. no ",Agrupada en variable padre,b1207x
b1207c,"b1207c: que tipo de desavenencia sobre preferentes, convertibles o deu…?: c. otr",Agrupada en variable padre,b1207x
b1208a,b1208a: que tipo de desavenencia sobre depósitos o cuentas?: a. disputas sobre e,Agrupada en variable padre,b1208x
b1208b,b1208b: que tipo de desavenencia sobre depósitos o cuentas?: b. información,Agrupada en variable padre,b1208x
b1208c,b1208c: que tipo de desavenencia sobre depósitos o cuentas?: c. bloqueos y cance,Agrupada en variable padre,b1208x
b1208d,b1208d: que tipo de desavenencia sobre depósitos o cuentas?: d. otros ,Agrupada en variable padre,b1208x
b1209a,"b1209a: que tipo de desavenencia sobre seguros, fondos de pensiones…?: a. seguro",Agrupada en variable padre,b1209x
b1209b,"b1209b: que tipo de desavenencia sobre seguros, fondos de pensiones…?: b. fondos",Agrupada en variable padre,b1209x
b1209c,"b1209c: que tipo de desavenencia sobre seguros, fondos de pensiones…?: c. fondos",Agrupada en variable padre,b1209x
b1209d,"b1209d: que tipo de desavenencia sobre seguros, fondos de pensiones…?: d. otros",Agrupada en variable padre,b1209x
b1230a,b1230a: si experimentara alguna dificultad... con quien contactaria?: a. banco d,Agrupada en variable padre,b1230x
b1230b,b1230b: si experimentara alguna dificultad... con quien contactaria?: b. ministe,Agrupada en variable padre,b1230x
b1230c,b1230c: si experimentara alguna dificultad... con quien contactaria?: c. defenso,Agrupada en variable padre,b1230x
b1230d,b1230d: si experimentara alguna dificultad... con quien contactaria?: d. comisio,Agrupada en variable padre,b1230x
b1230e,b1230e: si experimentara alguna dificultad... con quien contactaria?: e. juzgado,Agrupada en variable padre,b1230x
b1230f,b1230f: si experimentara alguna dificultad... con quien contactaria?: f. organiz,Agrupada en variable padre,b1230x
b1230g,b1230g: si experimentara alguna dificultad... con quien contactaria?: g. amigos ,Agrupada en variable padre,b1230x
b1230h,b1230h: si experimentara alguna dificultad... con quien contactaria?: h. otros,Agrupada en variable padre,b1230x
c0100,c0100: como cree que esta planificando su jubilacion o vejez?,Conservada directamente,c0100
c0200a,c0200a: fuentes ingresos para jubilacion?: a. pension publica,Agrupada en variable padre,c0200x
c0200b,c0200b: fuentes ingresos para jubilacion?: b. plan de pensiones de empresa,Agrupada en variable padre,c0200x
c0200c,c0200c: fuentes ingresos para jubilacion?: c. plan de pensiones individual,Agrupada en variable padre,c0200x
c0200d,c0200d: fuentes ingresos para jubilacion?: d. ingresos de un conyuge o pareja,Agrupada en variable padre,c0200x
c0200e,c0200e: fuentes ingresos para jubilacion?: e. ayuda de sus hijos...,Agrupada en variable padre,c0200x
c0200f,c0200f: fuentes ingresos para jubilacion?: f. ingresos generados por sus activos,Agrupada en variable padre,c0200x
c0200g,c0200g: fuentes ingresos para jubilacion?: g. venta de activos financieros,Agrupada en variable padre,c0200x
c0200h,c0200h: fuentes ingresos para jubilacion?: h. venta de activos no financieros,Agrupada en variable padre,c0200x
c0200i,c0200i: fuentes ingresos para jubilacion?: i. ayuda de instituciones beneficas,Agrupada en variable padre,c0200x
c0200j,c0200j: fuentes ingresos para jubilacion?: j. ingresos procedentes de otras acti,Agrupada en variable padre,c0200x
c0200k,c0200k: fuentes ingresos para jubilacion?: k. otros,Agrupada en variable padre,c0200x
c0300,c0300: a que edad espera jubilarse?,Conservada directamente,c0300
c0500,c0500: como cree que ha planificado su jubilacion?,Conservada directamente,c0500
c0600a,c0600a: actuales fuentes ingresos (jubilado)? a.pension publica,Agrupada en variable padre,c0600x
c0600b,c0600b: actuales fuentes ingresos (jubilado)?: b. plan de pensiones empresa,Agrupada en variable padre,c0600x
c0600c,c0600c: actuales fuentes ingresos (jubilado)?: c. plan de pensiones individual,Agrupada en variable padre,c0600x
c0600d,c0600d: actuales fuentes ingresos (jubilado)?: d. ingresos pareja,Agrupada en variable padre,c0600x
c0600e,c0600e: actuales fuentes ingresos (jubilado)?: e. ayuda de sus hijos...,Agrupada en variable padre,c0600x
c0600f,c0600f: actuales fuentes ingresos (jubilado)?: f. ingresos de activos...,Agrupada en variable padre,c0600x
c0600g,c0600g: actuales fuentes ingresos (jubilado)?: g. venta activos financieros,Agrupada en variable padre,c0600x
c0600h,c0600h: actuales fuentes ingresos (jubilado)?: h. venta activos no financieros,Agrupada en variable padre,c0600x
c0600i,c0600i: actuales fuentes ingresos (jubilado)?: i. ayuda instituciones beneficas,Agrupada en variable padre,c0600x
c0600j,c0600j: actuales fuentes ingresos (jubilado)?: j. ingresos procedentes de otras ,Agrupada en variable padre,c0600x
c0600k,c0600k: actuales fuentes ingresos (jubilado)?: k. otros,Agrupada en variable padre,c0600x
c0400a,c0400a: actuales fuentes ingresos?: a. seguro publico de desempleo...,Agrupada en variable padre,c0400x
c0400b,c0400b: actuales fuentes ingresos?: b. seguro privado de desempleo...,Agrupada en variable padre,c0400x
c0400c,c0400c: actuales fuentes ingresos?: c. comparte ingresos de su pareja...,Agrupada en variable padre,c0400x
c0400d,c0400d: actuales fuentes ingresos?: d. comparte ingresos con otros...,Agrupada en variable padre,c0400x
c0400e,c0400e: actuales fuentes ingresos?: e. pensión alimentaria/complementaria...,Agrupada en variable padre,c0400x
c0400f,c0400f: actuales fuentes ingresos?: f. ayuda de otros familiares,Agrupada en variable padre,c0400x
c0400g,c0400g: actuales fuentes ingresos?: g. pension de viudedad/incapacidad/orfandad,Agrupada en variable padre,c0400x
c0400h,c0400h: actuales fuentes ingresos?: h. ingresos generados por sus activos financ,Agrupada en variable padre,c0400x
c0400i,c0400i: actuales fuentes ingresos?: i. venta de activos financieros,Agrupada en variable padre,c0400x
c0400j,c0400j: actuales fuentes ingresos?: j. rescate anticipado de un plan de pensione,Agrupada en variable padre,c0400x
c0400k,c0400k: actuales fuentes ingresos?: k. venta activos no financieros,Agrupada en variable padre,c0400x
c0400l,"c0400l: actuales fuentes ingresos?: l. ayudas escolares,becas…",Agrupada en variable padre,c0400x
c0400m,c0400m: actuales fuentes ingresos?: m. ahorros en metalico/cuentas corrientes...,Agrupada en variable padre,c0400x
c0400n,"c0400n: actuales fuentes ingresos?: n. otros, incluyendo criptomonedas ",Agrupada en variable padre,c0400x
d0101,"d0101: antes de comprar algo, considero cuidadosamente si me lo puedo permitir",Conservada directamente,d0101
d0104,d0104: pago las facturas a tiempo,Conservada directamente,d0104
d0110,d0110: me preocupo por pagar mis gastos habituales,Conservada directamente,d0110
d0113,d0113: intento mantenerme informado sobre la evolucion de la economia,Conservada directamente,d0113
d0102,"d0102: tiendo a vivir al dia, sin pensar en el futuro",Conservada directamente,d0102
d0114,d0114: me preocupa que mi dinero no dure,Conservada directamente,d0114
d0115,d0115: estoy demasiado ocupado para encargarme de mis finanzas,Conservada directamente,d0115
d0117,d0117: pensar en mi situación financiera me genera inquietud,Conservada directamente,d0117
d0103,"d0103: prefiero gastar dinero ahora, que ahorrarlo para el futuro",Conservada directamente,d0103
d0116,d0116: prefiero comprar cosas con credito en vez de esperar y ahorrar,Conservada directamente,d0116
d0105,d0105: estoy dispuesto a arriesgar un poco de dinero al ahorrar...,Conservada directamente,d0105
d0106,d0106: vigilo cuidadosamente mis asuntos financieros,Conservada directamente,d0106
d0107,d0107: me he fijado objetivos financieros a largo plazo y me esfuerzo por...,Conservada directamente,d0107
d0108,d0108: el dinero esta para gastarlo,Conservada directamente,d0108
d0109,d0109: mi situacion financiera limita mis posibilidades de hacer...,Conservada directamente,d0109
d0111,d0111: estoy demasiado endeudado ahora mismo,Conservada directamente,d0111
d0112,d0112: estoy satisfecho con mi situacion financiera actual,Conservada directamente,d0112
d0300,"d0300: que escogeria, eur2000 hoy o eur2200 dentro de un anio?",Conservada directamente,d0300
d0400,"d0400: que escogeria, eur2000 hoy o eur3000 dentro de un anio?",Conservada directamente,d0400
d0500,"d0500: que escogeria, eur2000 hoy o eur2100 dentro de un anio?",Conservada directamente,d0500
d0600,d0600: imagine que gana la loteria: que porcentaje gastaria?,Conservada directamente,d0600
d0610a,d0610a: como utilizaria ese ingreso extra en los proximos 12 meses?: a. producto,Conservada directamente,d0610a
d0610b,d0610b: como utilizaria ese ingreso extra en los proximos 12 meses?: b. producto,Conservada directamente,d0610b
d0610c,d0610c: como utilizaria ese ingreso extra en los proximos 12 meses?: c. ahorro,Conservada directamente,d0610c
d0610d,d0610d: como utilizaria ese ingreso extra en los proximos 12 meses?: d. pagar de,Conservada directamente,d0610d
d0610e,d0610e: como utilizaria ese ingreso extra en los proximos 12 meses?: e. otros,Conservada directamente,d0610e
e0100,e0100: como calificaria sus conocimientos generales sobre temas financieros?,Conservada directamente,e0100
e0500,e0500: imagine que cinco hermanos reciben eur1000...?,Conservada directamente,e0500
e0600,e0600: imagine ahora que los cinco hermanos tuvieran que esperar un anio...,Conservada directamente,e0600
e0700,e0700: si presta eur25 a un amigo una noche y este le devuelve eur25...,Conservada directamente,e0700
e0800,e0800: ingresa eur100 en una cuenta de ahorro con un interes fijo...,Conservada directamente,e0800
e0900,e0900: cuanto dinero habra en la cuenta despues de cinco anios?,Conservada directamente,e0900
e1001,e1001: una inversion con una rentabilidad elevada puede ser de alto riesgo,Conservada directamente,e1001
e1002,e1002: una inflacion elevada significa que el coste de la vida esta aumentando..,Conservada directamente,e1002
e1003,"e1003: por lo general, es posible reducir el riesgo de invertir en bolsa...",Conservada directamente,e1003
e1004,"e1004: si tuviera que elegir, diria que probablemente es verdadero o falso?",Conservada directamente,e1004
e1005,e1005: como de seguro esta de que la respuesta dada es correcta?,Conservada directamente,e1005
e1200,e1200: una hipoteca a 15 anios requiere normalmente pagos mensuales mas...,Conservada directamente,e1200
e1101,e1101: que fondo obtuvo el mejor rendimiento al termino de los seis anios?,Conservada directamente,e1101
e0401,e0401: puede senialar en que frase del texto se indica...?      ,Conservada directamente,e0401
e0402,e0402: a que edad comenzo a participar cabaniero en competiciones de natacion?,Conservada directamente,e0402
e0300,e0300: imagine que para producir cinco aparatos se necesitan cinco maquinas...,Conservada directamente,e0300
e1400,"e1400: en una loteria, la probabilidad de ganar un premio es del 1%.¿cuantas per",Conservada directamente,e1400
e1500,e1500: imagine que el pronostico del tiempo dice que la probabilidad de lluvia..,Conservada directamente,e1500
e1600,e1600: el siguiente mensaje estaba impreso en un medicamento…,Conservada directamente,e1600
e1701,e1701: que tipo de interes cree que seria mejor para una pareja que solicita un ,Conservada directamente,e1701
e1702,e1702: que tipo de interes cree que seria mejor para una pareja que transfiere d,Conservada directamente,e1702
e1800,e1800: cual de las siguientes afirmaciones cree que explica mejor…,Conservada directamente,e1800
e1300,e1300: como de seguro esta de que las respuestas son correctas?,Conservada directamente,e1300
i0100,i0100: cual es el regimen de tenencia de la vivienda principal?,Conservada directamente,i0100
i0200a,i0200a: por que alquilar? a. es mas barato alquilar que comprar,Agrupada en variable padre,i0200x
i0200b,i0200b: por que alquilar? b. alquilar es una opción mas flexible,Agrupada en variable padre,i0200x
i0200c,i0200c: por que alquilar? c. cambio frecuentemente de domicilio,Agrupada en variable padre,i0200x
i0200d,i0200d: por que alquilar? d. no reuno las condiciones para obtener una hipoteca,Agrupada en variable padre,i0200x
i0200e,i0200e: por que alquilar? e. no podria hacer frente a los pagos de una hipoteca,Agrupada en variable padre,i0200x
i0200h,i0200h: por que alquilar? h. no podria hacer frente a la entrada,Agrupada en variable padre,i0200x
i0200f,i0200f: por que alquilar? f. estoy buscando una casa para comprar,Agrupada en variable padre,i0200x
i0200g,i0200g: por que alquilar? g. el tipo de vivienda que quiero no esta a la venta,Agrupada en variable padre,i0200x
i0200j,i0200j. por que alquilar? j. otros,Agrupada en variable padre,i0200x
i0300,i0300: que cantidad pagan mensualmente en concepto de alquiler?,Conservada directamente,i0300
i0500a,i0500a: por que comprar? a. es mas barato ser propietario que alquilar,Agrupada en variable padre,i0500x
i0500b,i0500b: por que comprar? b. alquilar es tirar el dinero,Agrupada en variable padre,i0500x
i0500c,i0500c: por que comprar? c. los pagos de alquiler fluctuan de anio en anio,Agrupada en variable padre,i0500x
i0500d,i0500d: por que comprar? d. ir amortizando la hipoteca es una forma de ahorrar,Agrupada en variable padre,i0500x
i0500e,i0500e: por que comprar? e. no me gusta cambiar de domicilio,Agrupada en variable padre,i0500x
i0500f,i0500f: por que comprar? f. asi puedo adaptar la vivienda a mi medida,Agrupada en variable padre,i0500x
i0500g,i0500g: por que comprar? g. compre mi vivienda como inversion,Agrupada en variable padre,i0500x
i0500h,i0500h: por que comprar? h. comprar tiene ventajas fiscales,Agrupada en variable padre,i0500x
i0500i,i0500i: por que comprar? i. el tipo de vivienda que quiero no esta en alquiler,Agrupada en variable padre,i0500x
i0500k,i0500k: por que comprar? k. herencia o regalo,Agrupada en variable padre,i0500x
i0500j,i0500i: por que comprar? j. otros,Agrupada en variable padre,i0500x
i0800,i0800: en que anio compraron su vivienda principal?,Conservada directamente,i0800
i0510,i0510: alguna vez se ha enfrentado a algun obstaculo al intentar comprar su prop,Conservada directamente,i0510
i0520a,i0520a: que dificultad ha experimentado?: a. el precio de la vivienda,Agrupada en variable padre,i0520x
i0520b,i0520b: que dificultad ha experimentado?: b. las opciones eran limitadas,Agrupada en variable padre,i0520x
i0520c,i0520c: que dificultad ha experimentado?: c. el tipo de vivienda que queria no e,Agrupada en variable padre,i0520x
i0520e,i0520e: que dificultad ha experimentado?: e. no podia hacer frente a los pagos d,Agrupada en variable padre,i0520x
i0520f,i0520f: que dificultad ha experimentado?: f. no podia hacer frente a la entrada,Agrupada en variable padre,i0520x
i0520d,i0520d: que dificultad ha experimentado?: d. no reunia las condiciones,Agrupada en variable padre,i0520x
i0520g,i0520g: que dificultad ha experimentado?: g. otro,Agrupada en variable padre,i0520x
i0601,i0601: tienen hipotecada su vivienda principal?,Conservada directamente,i0601
i0602,i0602: con que objetivos hipotecaron su vivienda principal?,Conservada directamente,i0602
i0700,i0700: cual es el importe mensual que pagan por la/las hipoteca?,Conservada directamente,i0700
i0900,i0900: que porcentaje del precio de compra de la vivienda supuso la hipoteca?,Conservada directamente,i0900
i1000,i1000: poseen otras viviendas/solares/fincas/naves/garajes...?,Conservada directamente,i1000
i0400a,i0400a: como evolucionara el valor de la vivienda? a. caida mas del 6%,Conservada directamente,i0400a
i0400b,i0400b: como evolucionara el valor de la vivienda? b. caida entre 2% y 6%,Conservada directamente,i0400b
i0400c,i0400c: como evolucionara el valor de la vivienda? c. estable (<+-2%),Conservada directamente,i0400c
i0400d,i0400d: como evolucionara el valor de la vivienda? d. subida entre 2% y 6%,Conservada directamente,i0400d
i0400e,i0400e: como evolucionara el valor de la vivienda? e. subida mas del 6%,Conservada directamente,i0400e
j0100,j0100: hace su hogar una planificacion de sus gastos? ,Conservada directamente,j0100
j0110,j0110: usan alguna app bancaria o herramienta de administracion…,Conservada directamente,j0110
j0200,"j0200: en los ultimos 12 meses, han sido sus gastos mayores que sus ingresos?",Conservada directamente,j0200
j0300a,j0300a: gastos exceden ingresos?: a. utilizar ahorros,Agrupada en variable padre,j0300x
j0300b,j0300b: gastos exceden ingresos?: b. vender activos,Agrupada en variable padre,j0300x
j0300c,j0300c: gastos exceden ingresos?: c. pedir prestado a familiares o a amigos,Agrupada en variable padre,j0300x
j0300d,j0300d: gastos exceden ingresos?: d. pedir un adelanto...,Agrupada en variable padre,j0300x
j0300e,j0300e: gastos exceden ingresos?: e. hipotecar un inmueble,Agrupada en variable padre,j0300x
j0300f,j0300f: gastos exceden ingresos?: f. ampliar una hipoteca ya existente,Agrupada en variable padre,j0300x
j0300g,j0300g: gastos exceden ingresos?: g. solicitar rescate anticipado plan pensiones,Agrupada en variable padre,j0300x
j0300h,j0300h: gastos exceden ingresos?: h. empeniar algo de su propiedad,Agrupada en variable padre,j0300x
j0300i,j0300i: gastos exceden ingresos?: i. disponer de una linea de credito existente.,Agrupada en variable padre,j0300x
j0300j,j0300j: gastos exceden ingresos?: j. utilizar la tarjeta de credito...,Agrupada en variable padre,j0300x
j0300k,j0300k: gastos exceden ingresos?: k. pedir un prestamo personal...,Agrupada en variable padre,j0300x
j0300l,j0300l: gastos exceden ingresos?: l. pedir un prestamo de un proveedor...,Agrupada en variable padre,j0300x
j0300m,j0300m: gastos exceden ingresos?: m. hacer un uso no autorizado del descubierto,Agrupada en variable padre,j0300x
j0300n,j0300n: gastos exceden ingresos?: n. pagar con retraso o no pagar recibos,Agrupada en variable padre,j0300x
j0300p,j0300p: gastos exceden ingresos?: p. ayudas publicas,Agrupada en variable padre,j0300x
j0300o,j0300o: gastos exceden ingresos?: o. otros,Agrupada en variable padre,j0300x
j0400,j0400: durante cuanto tiempo podria(n) hacer frente a sus gastos corrientes...?,Conservada directamente,j0400
j0500,"j0500: cuanto gastan en promedio en comida, dentro y fuera de casa?",Conservada directamente,j0500
j0600,"j0600: este gasto en comida del que me acaba de hablar, hace referencia a:",Conservada directamente,j0600
j0700,j0700: cuanto gasto su hogar en educacion durante el ultimo anio?,Conservada directamente,j0700
j0800a,j0800a: gastos en educacion de: a. hijos menores de 18 anios,Agrupada en variable padre,j0800x
j0800b,j0800b: gastos en educacion de: b. hijos mayores de 18 anios,Agrupada en variable padre,j0800x
j0800c,j0800c: gastos en educacion de: c. pareja o conyuge,Agrupada en variable padre,j0800x
j0800d,j0800d: gastos en educacion de: d. propia,Agrupada en variable padre,j0800x
j0800e,j0800e: gastos en educacion de: e. nietos menores de 18 anios,Agrupada en variable padre,j0800x
j0800f,j0800f: gastos en educacion de: f. nietos mayores de 18 anios,Agrupada en variable padre,j0800x
j0800h,j0800h: gastos en educacion de: h. hermanos,Agrupada en variable padre,j0800x
j0800g,j0800g: gastos en educacion de: g. otros,Agrupada en variable padre,j0800x
j0810,j0810: alguna de estas personas no forman parte de su hogar?,Conservada directamente,j0810
j0900a,j0900a: ha experimentado..?: a. solicitaron prestamo que fue rechazado,Agrupada en variable padre,j0900x
j0900b,j0900b: ha experimentado..?: b. solicitaron prestamo y la cantidad concedida fue,Agrupada en variable padre,j0900x
j0900c,j0900c: ha experimentado..?: c. no pidieron prestamo porque no se lo concederian,Agrupada en variable padre,j0900x
j0900d,"j0900d: ha experimentado..?: d. no, ninguna de las anteriores",Agrupada en variable padre,j0900x
j0910a,j0910a: por que cree que no se concederian?: a. deuda existente,Agrupada en variable padre,j0910x
j0910b,j0910b: por que cree que no se concederian?: b. trabajo inestable,Agrupada en variable padre,j0910x
j0910c,j0910c: por que cree que no se concederian?: c. caracteristicas de hogar,Agrupada en variable padre,j0910x
j0910d,j0910d: por que cree que no se concederian?: d. garantias,Agrupada en variable padre,j0910x
j0910e,j0910e: por que cree que no se concederian?: e. no lo necesitaba,Agrupada en variable padre,j0910x
j0910f,j0910f: por que cree que no se concederian?: f. otros,Agrupada en variable padre,j0910x
j0920,j0920: considero pedir algun tipo de estos prestamos en los ultimos dos anios?,Conservada directamente,j0920
j1000,"j1000: en los ultimos 12 meses, han retrasado el pago de alguna de sus deudas...",Conservada directamente,j1000
j1100,"j1100: estas deudas, son deudas contraidas con una entidad financiera o bancaria",Conservada directamente,j1100
j1201,"j1201: ultimos 12 meses,algun miembro de su hogar ha perdido su empleo?",Conservada directamente,j1201
j1202,"j1202: ultimos 12 meses,algun miembro de su hogar en paro ha encontrado empleo?",Conservada directamente,j1202
j1203,"j1203: ultimos 12 meses,algun miembro de su hogar ha tenido un accidente...?",Conservada directamente,j1203
j1300,j1300: cuales son los ingresos brutos anuales totales del hogar?,Conservada directamente,j1300
j1400,j1400: hubiera estado dispuesto a realizar la entrevista presencialmente?,Conservada directamente,j1400
j1600,"j1600: en cuanto al cuaderno de cartones…, lo ha consultado…?",Conservada directamente,j1600
k1908,k1908: ha oido hablar de las cuentas o depositos de ahorro o a plazo...?,Conservada directamente,k1908
k1901,k1901: ha oido hablar de las hipotecas?,Conservada directamente,k1901
k1902,k1902: ha oido hablar de los planes de pensiones individuales o de empresa?,Conservada directamente,k1902
k1903,k1903: ha oido hablar de los fondos de inversion?,Conservada directamente,k1903
k1904,k1904: ha oido hablar de las acciones?,Conservada directamente,k1904
k1905,k1905: ha oido hablar de los activos de renta fija publica o privada?,Conservada directamente,k1905
k1906,k1906: ha oido hablar de los prestamos personales?,Conservada directamente,k1906
k1907,k1907: ha oido hablar de las tarjetas de credito?,Conservada directamente,k1907
k1909,k1909: ha oido hablar de los seguros de vida?,Conservada directamente,k1909
k1910,k1910: ha oido hablar de los seguros medicos?,Conservada directamente,k1910
k1912,k1912: ha oido hablar de las criptomonedas?,Conservada directamente,k1912
k0100,k0100: como calificaria sus conocimientos generales sobre temas financieros?,Conservada directamente,k0100
k0500,k0500: imagine que cinco hermanos reciben eur1000...?,Conservada directamente,k0500
k0600,k0600: imagine ahora que los cinco hermanos tuvieran que esperar un anio...,Conservada directamente,k0600
k0700,k0700: si presta eur25 a un amigo una noche y este le devuelve eur25...,Conservada directamente,k0700
k0800,k0800: ingresa eur100 en una cuenta de ahorro con un interes fijo...,Conservada directamente,k0800
k0900,k0900: cuanto dinero habra en la cuenta despues de cinco anios?,Conservada directamente,k0900
k1001,k1001: una inversion con una rentabilidad elevada puede ser de alto riesgo,Conservada directamente,k1001
k1002,k1002: una inflacion elevada significa que el coste de la vida esta aumentando..,Conservada directamente,k1002
k1003,"k1003: por lo general, es posible reducir el riesgo de invertir en bolsa...",Conservada directamente,k1003
k1004,"k1004: si tuviera que elegir una opcion, probablemente verdadero o falso?",Conservada directamente,k1004
k1005,k1005: como de seguro esta que la respuesta que ha dado es correcta?,Conservada directamente,k1005
k1200,k1200: una hipoteca a 15 anios requiere normalmente pagos mensuales mas...,Conservada directamente,k1200
k1101,k1101: que fondo obtuvo el mejor rendimiento al termino de los seis anios?,Conservada directamente,k1101
k0401,k0401: puede senialar en que frase del texto se indica...?,Conservada directamente,k0401
k0402,k0402: a que edad comenzo a participar cabaniero en competiciones de natacion?,Conservada directamente,k0402
k0300,k0300: imagine que para producir cinco aparatos se necesitan cinco maquinas...,Conservada directamente,k0300
k1400,"k1400: en una loteria, la probabilidad de ganar un premio es del 1%.¿cuantas per",Conservada directamente,k1400
k1500,k1500: imagine que el pronostico del tiempo dice que la probabilidad de lluvia..,Conservada directamente,k1500
k1600,k1600: el siguiente mensaje estaba escrito en un medicamento…,Conservada directamente,k1600
k1701,k1701: que tipo de interes cree que seria mejor para una pareja que solicita un ,Conservada directamente,k1701
k1702,k1702: que tipo de interes cree que seria mejor para una pareja que transfiere d,Conservada directamente,k1702
k1800,k1800: que afirmacion explica mejor el significado de que el pib haya aumentado ,Conservada directamente,k1800
k1300,k1300: como de seguro esta que las respuesta que nos ha dado son correctas?,Conservada directamente,k1300
k2020,k2020: ha consultado el cuaderno de cartones antes de realizar la entrevista?,Conservada directamente,k2020
negativa_pmi,negativa_pmi: respondio la persona más informada a la seccion k?,Conservada directamente,negativa_pmi
tmp_e0401,tmp_e0401: tiempo empleado para responder la pregunta e0401,Conservada directamente,tmp_e0401
age,age: edad,Eliminada: perfil no seleccionado para segmentación,
f0900a,f0900a: quienes toman parte en las decisiones del dia a dia sobre el dinero?: a.,Conservada directamente,f0900a
f1000a,f1000a: quienes toman parte en las decisiones sobre las propiedades...?: a. pers,Conservada directamente,f1000a
weight,weight: peso,Conservada directamente,weight
a0940,a0940: genero de la pareja,Eliminada: perfil no seleccionado para segmentación,
a0930,a0930: edad de la pareja,Eliminada: perfil no seleccionado para segmentación,
a0300,a0300: en que pais nacio?,Eliminada: perfil no seleccionado para segmentación,
a0310,a0310: en que anio llego a espania?,Eliminada: perfil no seleccionado para segmentación,
ccaaf,ccaaf: codigos de comunidad autonoma de residencia,Conservada directamente,ccaaf
a0930_b,a0930_b: edad de la pareja (en brackets),Eliminada: perfil no seleccionado para segmentación,
a0950,a0950: cuantos anios lleva viviendo con su pareja?,Eliminada: perfil no seleccionado para segmentación,
f1100,f1100: quien tiene un mayor conocimiento de la economia y las finanzas del hogar,Conservada directamente,f1100
f1200,f1200: edad de la persona informada,Conservada directamente,f1200
f1200_b,f1200_b: edad de la persona informada (en brackets),Conservada directamente,f1200_b
f1300,f1300: genero de la persona informada,Conservada directamente,f1300
a0900b,a0900b: con quien vive habitualmente?: b. con su pareja,Agrupada en variable padre,a0900x
a0900c,a0900c: con quien vive habitualmente?: c. con hijos menores de 18 anios,Agrupada en variable padre,a0900x
a0900d,a0900d: con quien vive habitualmente?: d. con hijos mayores de 18 anios,Agrupada en variable padre,a0900x
a0900e,a0900e: con quien vive habitualmente?: e. con alguno de sus padres/suegros,Agrupada en variable padre,a0900x
a0900f,a0900f: con quien vive habitualmente?: f. nietos/bisnietos mayores de 18 anios,Agrupada en variable padre,a0900x
a0900l,a0900l: con quien vive habitualmente?: f. nietos/bisnietos menores de 18 anios,Agrupada en variable padre,a0900x
a0900j,a0900j: con quien vive habitualmente?: j. con amigos/colegas/estudiantes,Agrupada en variable padre,a0900x
a0900h,a0900h: con quien vive habitualmente?: h. yerno/nuera,Agrupada en variable padre,a0900x
a0900g,a0900g: con quien vive habitualmente?: g. hermanos,Agrupada en variable padre,a0900x
a0900i,a0900i: con quien vive habitualmente?: i. con otros parientes,Agrupada en variable padre,a0900x
a0900a,a0900a: con quien vive habitualmente?: a. solo/a,Agrupada en variable padre,a0900x
a0900k,a0900k: con quien vive habitualmente?: k. otros,Agrupada en variable padre,a0900x
a1800,a1800: profesion o trabajo (2 digitos cno-11),Conservada directamente,a1800
a0200,a0200: en que ccaa nacio?,Eliminada: perfil no seleccionado para segmentación,
f0900b,f0900b: quienes toman parte en las decisiones del dia a dia sobre el dinero?: b.,Conservada directamente,f0900b
f1000b,f1000b: quienes toman parte en las decisiones sobre las propiedades...?: b. pare,Conservada directamente,f1000b
f0900c,f0900c: quienes toman parte en las decisiones del dia a dia sobre el dinero?: c.,Conservada directamente,f0900c
f1000c,f1000c: quienes toman parte en las decisiones sobre las propiedades...?: c. madr,Conservada directamente,f1000c
f0900d,f0900d: quienes toman parte en las decisiones del dia a dia sobre el dinero?: d.,Conservada directamente,f0900d
f1000d,f1000d: quienes toman parte en las decisiones sobre las propiedades...?: d. padr,Conservada directamente,f1000d
f0900e,f0900e: quienes toman parte en las decisiones del dia a dia sobre el dinero?: e.,Conservada directamente,f0900e
f1000e,f1000e: quienes toman parte en las decisiones sobre las propiedades...?: e. otro,Conservada directamente,f1000e
ID,Id: identificador del individuo,Conservada directamente,ID
,Indicador derivado,Indicador añadido,n_canales_uso_banco
,Indicador derivado,Indicador añadido,usa_banca_digital
,Indicador derivado,Indicador añadido,pref_banca_digital
,Indicador derivado,Indicador añadido,usa_pago_digital
,Indicador derivado,Indicador añadido,n_productos_financieros
,Indicador derivado,Indicador añadido,tiene_vehiculo_ahorro
,Indicador derivado,Indicador añadido,tiene_exposicion_credito
,Indicador derivado,Indicador añadido,tiene_seguro
,Indicador derivado,Indicador añadido,ahorra_12m
,Indicador derivado,Indicador añadido,n_vehiculos_ahorro
,Indicador derivado,Indicador añadido,ahorro_formal
,Indicador derivado,Indicador añadido,ahorro_informal
,Indicador derivado,Indicador añadido,n_fuentes_ingreso
,Indicador derivado,Indicador añadido,ingreso_por_activos
,Indicador derivado,Indicador añadido,dependencia_ingresos_familiares
,Indicador derivado,Indicador añadido,score_disciplina_financiera
,Indicador derivado,Indicador añadido,score_preocupacion_financiera
,Indicador derivado,Indicador añadido,score_planificacion_financiera
,Indicador derivado,Indicador añadido,puntos_destino_consumo
,Indicador derivado,Indicador añadido,puntos_destino_ahorro
,Indicador derivado,Indicador añadido,puntos_destino_deuda
,Indicador derivado,Indicador añadido,score_alfabetizacion_financiera
,Indicador derivado,Indicador añadido,score_numeracy_financiera
,Indicador derivado,Indicador añadido,score_comprension_riesgo
,Indicador derivado,Indicador añadido,score_competencia_economica
,Indicador derivado,Indicador añadido,score_conocimiento_productos
,Indicador derivado,Indicador añadido,barrera_acceso_vivienda
,Indicador derivado,Indicador añadido,expectativa_subida_precio_vivienda
,Indicador derivado,Indicador añadido,n_dificultades_compra_vivienda
,Indicador derivado,Indicador añadido,financiacion_ahorros_activos
,Indicador derivado,Indicador añadido,financiacion_credito_informal
,Indicador derivado,Indicador añadido,financiacion_credito_formal
,Indicador derivado,Indicador añadido,financiacion_estres_pago
,Indicador derivado,Indicador añadido,restriccion_acceso_credito
,Indicador derivado,Indicador añadido,score_fragilidad_financiera
